,nr,navn,etablert,type,komnr,plassering,miljo,kap,mh,midl,lengde,bredde,regine
0,11272,ØKSENGÅRD,2004.0,MIDLERTIDIG,1840,SJØ,SALTVANN,2700.0,TN,2012-12-31,67.137098,15.40527,163.31
1,11303,VEGGFJELL,1984.0,MIDLERTIDIG,1849,SJØ,SALTVANN,5400.0,TN,2012-12-31,67.96065,15.805867,170.22
2,11312,SVARTFJELL,1984.0,MIDLERTIDIG,1848,SJØ,SALTVANN,3600.0,TN,2012-12-31,67.939483,15.503168,169.52
3,11315,VINKFJORDEN,1983.0,MIDLERTIDIG,1848,SJØ,SALTVANN,3600.0,TN,2012-12-31,67.726378,15.37989,168.21
4,11320,OKSØY,1984.0,MIDLERTIDIG,1848,SJØ,SALTVANN,5400.0,TN,2012-12-31,67.974021,15.308233,169.7
5,12973,SALTKJELEN I,1973.0,PERMANENT,1238,SJØ,SALTVANN,1560.0,TN,2012-12-31,60.319267,6.1795,052.80
6,13139,MARTNESVIKA,1983.0,MIDLERTIDIG,1848,SJØ,SALTVANN,3600.0,TN,2012-12-31,67.766133,15.571067,168.40
7,13592,HAMMER,1984.0,MIDLERTIDIG,1848,SJØ,SALTVANN,3600.0,TN,2012-12-31,67.95877,15.171667,169.6
8,13931,HJARTØY Ø,1983.0,MIDLERTIDIG,1848,SJØ,SALTVANN,3600.0,TN,2012-12-31,67.656743,15.120217,168.10
9,15455,DAUMANNSVIKA,2004.0,MIDLERTIDIG,1840,SJØ,SALTVANN,3120.0,TN,2012-12-31,67.177117,15.406317,163.20
10,28196,KVERNES,2003.0,MIDLERTIDIG,1854,SJØ,SALTVANN,780.0,TN,2012-12-31,68.3925,16.9175,173.20
11,10029,TUHOLMANE Ø,1973.0,PERMANENT,1149,SJØ,SALTVANN,2340.0,TN,,59.372791,5.208422,040.2
12,10045,EIDHOLMEN,1980.0,PERMANENT,1244,SJØ,SALTVANN,780.0,TN,,60.087605,5.121116,054.1
13,10050,OSPØY Ø,1974.0,PERMANENT,1219,SJØ,SALTVANN,1560.0,TN,,59.865957,5.227432,043.1
14,10054,TOBBEHOLMANE,1979.0,PERMANENT,1244,SJØ,SALTVANN,3120.0,TN,,60.0248,5.307383,054.2
15,10080,LAKSEVIKA,2003.0,PERMANENT,1256,SJØ,SALTVANN,1560.0,TN,,60.531409,5.11185,059.21
16,10086,REKEVIKI,1973.0,PERMANENT,1263,SJØ,SALTVANN,1560.0,TN,,60.722618,5.325451,065.5
17,10087,KALVØYA N,1981.0,PERMANENT,1428,SJØ,SALTVANN,1560.0,TN,,61.319181,4.705896,084.3
18,10091,VÅGSØYA,1973.0,PERMANENT,1401,SJØ,SALTVANN,2340.0,TN,,61.489583,5.017138,084.92
19,10110,DJUPEVIK,1973.0,PERMANENT,1141,SJØ,SALTVANN,2340.0,TN,,59.150287,5.864739,034.5
20,10113,KOBBAVIKA,1973.0,MIDLERTIDIG,1141,SJØ,SALTVANN,3600.0,TN,,59.122073,5.925003,034.2
21,10136,ONARØY,1973.0,PERMANENT,1223,SJØ,SALTVANN,3120.0,TN,,59.951485,5.665688,054.5
22,10504,VEDVIKA,1981.0,PERMANENT,1867,SJØ,SALTVANN,1560.0,TN,,68.776588,14.613858,185.720
23,10513,NEDRE KVARV,1986.0,PERMANENT,1845,SJØ,SALTVANN,5400.0,TN,,67.458487,15.511583,166.61
24,10518,HORSVÅGEN,1984.0,PERMANENT,1849,SJØ,SALTVANN,2340.0,TN,,68.020665,15.306459,170.810
25,10536,HØGHOLMEN,1981.0,PERMANENT,1915,SJØ,SALTVANN,2700.0,TN,,69.028881,16.484786,187.1
26,10544,FLAKSTADVÅG,1985.0,PERMANENT,1928,SJØ,SALTVANN,3600.0,TN,,69.186917,17.01255,195.20
27,10545,SUNDNESVIKA,1973.0,PERMANENT,1928,SJØ,SALTVANN,1800.0,TN,,69.335825,17.0799,195.42
28,10550,SKARDBERGVIKA,1984.0,PERMANENT,1919,SJØ,SALTVANN,3120.0,TN,,68.728497,17.30713,190.12
29,10611,MARØYA,1981.0,PERMANENT,2014,SJØ,SALTVANN,2700.0,TN,,70.250855,21.700054,211.35
30,10614,KRÅKEVIK,1987.0,PERMANENT,2012,SJØ,SALTVANN,3480.0,TN,,70.261358,23.32985,213.410
31,10616,VINNALANDET,1982.0,PERMANENT,2004,SJØ,SALTVANN,3480.0,TN,,70.576089,23.414631,215.6
32,10635,TOKNEBUKTNESET,1987.0,PERMANENT,2017,SJØ,SALTVANN,2700.0,TN,,70.576663,24.072938,217.2
33,10660,SKINNSTAKKVIKA,2008.0,PERMANENT,2018,SJØ,SALTVANN,780.0,TN,,70.887113,24.92818,220.51
34,10149,RAFDAL,1987.0,PERMANENT,1211,SJØ,SALTVANN,2340.0,TN,,59.789129,6.17753,042.220
35,10181,OKSEBÅSEN V,1984.0,PERMANENT,1532,SJØ,SALTVANN,3120.0,TN,,62.5174,6.15805,101.73
36,10183,BARSTADVIK,1998.0,PERMANENT,1520,LAND,SALTVANN,9.75,TN,,62.35837,6.263759,095.410
37,10197,OPSHAUGVIK,1988.0,PERMANENT,1525,SJØ,SALTVANN,3120.0,TN,,62.286344,6.989553,098.320
38,10212,BOGEN,1973.0,PERMANENT,1505,SJØ,SALTVANN,3120.0,TN,,63.077567,7.89705,110.11
39,10213,NAUSTNESET,1986.0,PERMANENT,1557,SJØ,SALTVANN,2340.0,TN,,62.943183,8.069945,109.1110
40,10216,SKÅREN,1987.0,PERMANENT,1571,SJØ,SALTVANN,3120.0,TN,,63.077698,8.196309,112.5
41,10223,BREMNESSVAET,1973.0,PERMANENT,1573,SJØ,SALTVANN,5460.0,TN,,63.39795,8.214317,115.10
42,10229,FÆTTEN,1974.0,PERMANENT,1571,SJØ,SALTVANN,3120.0,TN,,63.143167,8.4586,113.3
43,10232,MANNBRUHOLMEN,1974.0,PERMANENT,1620,SJØ,SALTVANN,5460.0,TN,,63.84735,8.536067,118.3
44,10240,ILSØYA Ø,1980.0,PERMANENT,1617,SJØ,SALTVANN,1560.0,TN,,63.651975,8.88687,117.4250
45,10256,BONDØYA,1977.0,PERMANENT,1750,SJØ,SALTVANN,2340.0,TN,,64.81873,10.73694,143.410
46,10275,AUSKARNES Ø,1987.0,PERMANENT,2014,SJØ,SALTVANN,2700.0,TN,,70.141216,22.363752,211.50
47,10276,SOMMARBUKT,1987.0,PERMANENT,2012,SJØ,SALTVANN,3480.0,TN,,70.075883,22.664548,211.91
48,10281,STORE KVALFJORD,1982.0,PERMANENT,2012,SJØ,SALTVANN,1800.0,TN,,70.319419,22.891904,214.1
49,10291,HISKHOLMEN,1974.0,PERMANENT,1219,SJØ,SALTVANN,2340.0,TN,,59.726932,5.145214,043.3
50,10292,LYKLINGHOLMEN N,1964.0,PERMANENT,1219,SJØ,SALTVANN,2340.0,TN,,59.714597,5.153753,043.3
51,10298,ÅLFORO V,1988.0,PERMANENT,1222,SJØ,SALTVANN,2340.0,TN,,59.866,5.245667,044.52
52,10300,HILLERSVIK,1973.0,PERMANENT,1216,SJØ,SALTVANN,2340.0,TN,,59.608265,5.313873,039.9
53,10303,NAPPEHOLMANE,1973.0,PERMANENT,1219,SJØ,SALTVANN,1560.0,TN,,59.742174,5.364286,043.20
54,10309,SYRTANGEN,2003.0,PERMANENT,1259,SJØ,SALTVANN,2340.0,TN,,60.469549,4.966306,058.3
55,10311,STORLIA,2004.0,PERMANENT,1413,SJØ,SALTVANN,2340.0,TN,,61.201822,5.169087,082.112
56,10318,GULESTØ,1977.0,PERMANENT,1438,SJØ,SALTVANN,3120.0,TN,,61.758806,5.063898,086.11
57,10324,GJERDEVIKSFLUA,1973.0,PERMANENT,1241,SJØ,SALTVANN,2340.0,TN,,60.224122,5.64343,055.21
58,10328,SAGVIK,1973.0,PERMANENT,1238,SJØ,SALTVANN,2340.0,TN,,60.142405,5.904051,053.42
59,10331,ÅKRE,1969.0,PERMANENT,1224,SJØ,SALTVANN,3120.0,TN,,60.110432,6.040595,053.3
60,10332,TROMMO,1969.0,PERMANENT,1224,SJØ,SALTVANN,3120.0,TN,,60.081646,6.077015,046.11
61,10338,DJUPEVIK,1979.0,PERMANENT,1238,SJØ,SALTVANN,1560.0,TN,,60.408178,6.352899,052.42
62,10375,NORD LEKSA,1973.0,PERMANENT,1622,SJØ,SALTVANN,5460.0,TN,,63.589183,9.408467,119.74
63,10398,SEISKJÆRA,1986.0,PERMANENT,1630,SJØ,SALTVANN,2340.0,TN,,64.090608,10.118458,136.21
64,10409,KJELNESET,1986.0,PERMANENT,1748,SJØ,SALTVANN,4680.0,TN,,64.643952,11.388328,140.61
65,10410,HINDHOLMEN,1984.0,PERMANENT,1751,SJØ,SALTVANN,975.0,TN,,64.773933,11.44087,142.8
66,10417,STORBUKTA,1977.0,PERMANENT,1751,SJØ,SALTVANN,1560.0,TN,,64.958995,11.611913,143.553
67,10421,STORVIKBUKTA,1981.0,PERMANENT,1751,SJØ,SALTVANN,1560.0,TN,,64.929912,11.911647,142.72
68,10425,HEGGVIKA,1982.0,PERMANENT,1811,SJØ,SALTVANN,3520.0,TN,,65.129856,12.07766,144.1
69,10447,MEFALDSKJÆRET,1985.0,PERMANENT,1820,SJØ,SALTVANN,4680.0,TN,,65.850233,12.283156,150.2
70,25235,HUMULEN,1984.0,MIDLERTIDIG,1750,SJØ,SALTVANN,4680.0,TN,2008-06-30,64.946068,11.370513,143.25
71,12265,GUDMUNDSET,1974.0,PERMANENT,1529,SJØ,SALTVANN,942.5,TN,2008-07-03,62.454385,6.600168,101.310
72,12872,KATTHOLMEN,1973.0,PERMANENT,1505,SJØ,SALTVANN,1722.5,TN,2008-07-03,63.054233,7.696495,110.14
73,19875,OR,1973.0,PERMANENT,1505,SJØ,SALTVANN,942.5,TN,2008-07-03,63.042092,7.849293,110.130
74,11928,LANGAVIKA,1986.0,PERMANENT,1133,SJØ,SALTVANN,3120.0,TN,2008-12-31,59.233599,6.008291,034.1
75,11405,INNERBROKLØYSA,1986.0,MIDLERTIDIG,1870,SJØ,SALTVANN,3120.0,TN,2009-06-30,68.628364,15.47949,178.45
76,13047,VÅTVIKA,1984.0,MIDLERTIDIG,1865,SJØ,SALTVANN,3120.0,TN,2009-06-30,68.228026,14.806731,179.24
77,13124,STORSTROMPAN,1977.0,MIDLERTIDIG,1836,SJØ,SALTVANN,3120.0,TN,2009-06-30,66.544616,13.414987,159.31
78,13293,MOLGAVLEN,1984.0,MIDLERTIDIG,1865,SJØ,SALTVANN,3120.0,TN,2009-06-30,68.304366,14.946673,179.24
79,13317,LILLE KVALFJORD,1997.0,PERMANENT,2012,SJØ,SALTVANN,1800.0,TN,2009-07-31,70.299366,22.921965,214.1
80,14019,ØKSNINGEN,1982.0,MIDLERTIDIG,1811,SJØ,SALTVANN,3520.0,TN,2009-09-01,65.131436,12.305688,144.93
81,13886,HALLARØY V,1984.0,MIDLERTIDIG,1620,SJØ,SALTVANN,2340.0,TN,2009-10-31,63.995332,9.123163,118.3
82,15375,SØRØYFLESA,1986.0,MIDLERTIDIG,1620,SJØ,SALTVANN,1560.0,TN,2009-10-31,63.98347,9.056627,118.3
83,12077,TVEITNESVIK,1973.0,MIDLERTIDIG,1224,SJØ,SALTVANN,3120.0,TN,2009-12-31,60.106153,6.20495,046.220
84,13852,GJERMUNDNES,1986.0,PERMANENT,1535,SJØ,SALTVANN,3120.0,TN,2009-12-31,62.628406,7.189154,102.710
85,13249,SAGELVA,1973.0,PERMANENT,1520,SJØ,SALTVANN,2340.0,TN,2010-01-01,62.338233,6.379683,097.111
86,11116,LANGHOLMEN,1987.0,PERMANENT,1838,SJØ,SALTVANN,780.0,TN,2010-07-31,67.05639,14.022987,160.73
87,12839,VINDSNES,1988.0,PERMANENT,1524,SJØ,SALTVANN,2340.0,TN,2010-08-12,62.284967,7.279567,099.3
88,13669,FURNESET,2001.0,PERMANENT,1535,SJØ,SALTVANN,3120.0,TN,2010-09-30,62.646031,7.09637,102.51
89,10505,DRAGNES,1981.0,MIDLERTIDIG,1866,SJØ,SALTVANN,3900.0,TN,2010-12-31,68.585735,14.703036,184.11
90,11112,KJERKVIKA,2008.0,MIDLERTIDIG,1838,SJØ,SALTVANN,2700.0,TN,2010-12-31,67.109222,14.265525,161.6
91,11318,HALLVARDØY,1986.0,MIDLERTIDIG,1851,SJØ,SALTVANN,3900.0,TN,2010-12-31,68.374921,15.320955,177.91
92,11433,FINNVIKA SØR,1983.0,PERMANENT,1931,SJØ,SALTVANN,1800.0,TN,,69.500491,17.922916,194.2
93,11435,BRYGGELANDSHOLMANE,2003.0,PERMANENT,1106,SJØ,SALTVANN,780.0,TN,,59.431449,5.094213,039.80
94,11488,BRATTAVIKA,1988.0,PERMANENT,1244,SJØ,SALTVANN,3120.0,TN,,60.046054,5.302133,054.2
95,11492,STOREVIKHOLMEN S,1988.0,MIDLERTIDIG,1222,SJØ,SALTVANN,3120.0,TN,,59.8383,5.305455,044.4
96,11511,HATTASTEINEN,1964.0,PERMANENT,1219,SJØ,SALTVANN,1560.0,TN,,59.62567,5.249129,043.20
97,11513,ANDAL,1973.0,PERMANENT,1219,SJØ,SALTVANN,1560.0,TN,,59.636321,5.244388,043.20
98,11530,GISSØYSUNDET S,1964.0,PERMANENT,1219,SJØ,SALTVANN,1560.0,TN,,59.633065,5.163096,043.3
99,11533,USHOLMSVIKA,1986.0,PERMANENT,1245,SJØ,SALTVANN,780.0,TN,,60.174868,5.092773,057.20
100,11534,KLUNGSHOLMEN,1973.0,PERMANENT,1219,SJØ,SALTVANN,780.0,TN,,59.597019,5.160117,043.3
101,11543,BUHOLMEN Ø,1979.0,PERMANENT,1244,SJØ,SALTVANN,2340.0,TN,,60.02157,5.076781,054.3
102,11552,STUHOLMEN,1986.0,PERMANENT,1245,SJØ,SALTVANN,780.0,TN,,60.25152,4.980531,057.20
103,11559,GRIMSHOLMEN,1973.0,PERMANENT,1216,SJØ,SALTVANN,3120.0,TN,,59.65744,5.404387,039.9
104,11571,HOLEVIK,1973.0,PERMANENT,1219,SJØ,SALTVANN,2340.0,TN,,59.777233,5.322328,043.1
105,11574,BREIVIK S,1973.0,PERMANENT,1219,SJØ,SALTVANN,3120.0,TN,,59.672457,5.312878,043.20
106,11575,KOLØY N,1986.0,PERMANENT,1222,SJØ,SALTVANN,2340.0,TN,,59.861167,5.2887,044.51
107,11605,SOLØY Ø,1974.0,PERMANENT,1222,SJØ,SALTVANN,1560.0,TN,,59.907207,5.159308,043.1
108,11611,NAVEIDE,1978.0,PERMANENT,1244,SJØ,SALTVANN,3120.0,TN,,60.139067,5.112783,054.1
109,11633,KROSSHOLMEN,1973.0,PERMANENT,1219,SJØ,SALTVANN,2340.0,TN,,59.789439,5.100541,043.4
110,11640,SKORPEOSEN,1974.0,PERMANENT,1246,SJØ,SALTVANN,3120.0,TN,,60.331305,4.943511,057.20
111,11643,HATLEM Ø,2004.0,PERMANENT,1413,SJØ,SALTVANN,2340.0,TN,,61.202729,5.265851,082.120
112,11644,DUESUND,2000.0,PERMANENT,1266,SJØ,SALTVANN,780.0,TN,,60.809918,5.297036,067.61
113,11649,STOLANE,1987.0,PERMANENT,1260,SJØ,SALTVANN,3120.0,TN,,60.606447,5.126585,066.4
114,11651,RAMSØY S,1987.0,PERMANENT,1247,SJØ,SALTVANN,3120.0,TN,,60.434083,5.062733,059.4
115,11652,KJEPPEVIKHOLMEN,1973.0,PERMANENT,1256,SJØ,SALTVANN,2340.0,TN,,60.5436,5.037384,059.21
116,11657,GRÅVIKA,1989.0,PERMANENT,1411,SJØ,SALTVANN,2340.0,TN,,60.86142,4.9335,068.4
117,11665,JIBBERSHOLMANE,1963.0,PERMANENT,1260,SJØ,SALTVANN,1560.0,TN,,60.750209,4.883309,066.50
118,11667,GARDSKRÅNESET,1977.0,PERMANENT,1259,SJØ,SALTVANN,2340.0,TN,,60.539423,4.899201,058.2
119,11687,RAMSVIK,1973.0,PERMANENT,1263,SJØ,SALTVANN,2080.0,TN,,60.578492,5.190777,066.4
120,11689,KJERRINGNESET,1973.0,PERMANENT,1411,SJØ,SALTVANN,1560.0,TN,,60.957112,5.098758,068.50
121,11690,GRASHOLMEN,1973.0,PERMANENT,1260,SJØ,SALTVANN,3120.0,TN,,60.595749,5.160771,066.4
122,11700,STORENESET,1973.0,PERMANENT,1411,SJØ,SALTVANN,3120.0,TN,,60.876533,5.026383,068.2
123,11719,KRÅKENES,1974.0,PERMANENT,1412,SJØ,SALTVANN,2340.0,TN,,61.058771,4.919321,081.5
124,11721,BUKKEHOLMEN,1987.0,PERMANENT,1412,SJØ,SALTVANN,780.0,TN,,61.095206,4.905336,081.5
125,11736,FUREHOLMEN S,1974.0,PERMANENT,1412,SJØ,SALTVANN,2340.0,TN,,61.057139,4.865742,081.5
126,11738,OTTERHOLMEN,1973.0,PERMANENT,1260,SJØ,SALTVANN,1560.0,TN,,60.688866,4.905831,066.50
127,11740,HAVERØY,1974.0,PERMANENT,1246,SJØ,SALTVANN,3120.0,TN,,60.403906,4.936281,057.20
128,11749,BÅRØY,1989.0,PERMANENT,1411,SJØ,SALTVANN,3120.0,TN,,60.945026,4.845196,068.4
129,11754,BØØY,1963.0,PERMANENT,1260,SJØ,SALTVANN,780.0,TN,,60.727032,4.860581,066.50
130,11756,ALLERSHOLMEN,1973.0,PERMANENT,1264,SJØ,SALTVANN,1560.0,TN,,60.774436,4.852622,066.2
131,11758,SAUØY Ø,1987.0,PERMANENT,1259,SJØ,SALTVANN,2340.0,TN,,60.592925,4.855847,058.1
132,12127,MÆLEN,1986.0,PERMANENT,1224,SJØ,SALTVANN,3120.0,TN,,59.702224,5.724319,042.94
133,12128,DYRNES,1986.0,PERMANENT,1224,SJØ,SALTVANN,2340.0,TN,,59.717421,5.721054,042.94
134,12134,MARADALEN,1986.0,PERMANENT,1224,SJØ,SALTVANN,3120.0,TN,,59.760783,5.686533,042.94
135,12156,BLOM,1973.0,PERMANENT,1253,SJØ,SALTVANN,3120.0,TN,,60.43637,5.564113,060.2
136,12178,BJØNNSPOTNESET,1973.0,PERMANENT,1416,SJØ,SALTVANN,1625.0,TN,,61.099137,5.818325,069.71
137,12179,OSLANDSURDA,1973.0,PERMANENT,1416,SJØ,SALTVANN,780.0,TN,,61.084576,5.810511,069.71
138,12180,OSLAND II,1973.0,PERMANENT,1416,LAND,FERSKVANN,300.0,STK,,61.071764,5.800673,069.71
139,12192,SKORVA,1983.0,PERMANENT,1428,SJØ,SALTVANN,1560.0,TN,,61.465566,5.313291,084.520
140,12209,RØNSTAD,1973.0,PERMANENT,1519,SJØ,SALTVANN,1560.0,TN,,62.133217,6.017369,094.31
141,12212,LINDENESET,1986.0,PERMANENT,1445,SJØ,SALTVANN,780.0,TN,,61.799106,5.979604,086.9
142,12213,KVANGARDSNES,1978.0,PERMANENT,1519,SJØ,SALTVANN,780.0,TN,,62.14597,5.943157,094.120
143,12215,KLEPPENESET,1986.0,PERMANENT,1445,SJØ,SALTVANN,780.0,TN,,61.786431,5.975157,086.9
144,12224,ISANE,2003.0,PERMANENT,1438,SJØ,SALTVANN,1560.0,TN,,61.874932,5.720932,086.44
145,12237,BRUDEVIKA,1977.0,PERMANENT,1511,SJØ,SALTVANN,3120.0,TN,,62.119035,5.422539,092.61
146,12239,KRÅKNES,1972.0,PERMANENT,1547,SJØ,SALTVANN,3120.0,TN,,62.8316,6.962767,106.420
147,11763,KNAPPEN,1986.0,PERMANENT,1259,SJØ,SALTVANN,1560.0,TN,,60.572814,4.816407,058.2
148,11767,LANGØY,2006.0,PERMANENT,1412,SJØ,SALTVANN,1560.0,TN,,61.044645,4.724601,081.7
149,11770,ROTØY,1986.0,PERMANENT,1259,SJØ,SALTVANN,1560.0,TN,,60.682524,4.759982,058.1
150,11771,GRISHOLMSUNDET,2007.0,PERMANENT,1265,SJØ,SALTVANN,780.0,TN,,60.792905,4.694137,066.1
151,11772,MOLDØYOSEN,2007.0,PERMANENT,1265,SJØ,SALTVANN,780.0,TN,,60.789978,4.701262,066.1
152,11775,KVITESKJERET,2003.0,PERMANENT,1428,SJØ,SALTVANN,2340.0,TN,,61.469321,5.220784,084.4
153,11776,SVEHOLMANE,1986.0,PERMANENT,1401,SJØ,SALTVANN,1560.0,TN,,61.557158,5.211977,085.1
154,11783,HELLA,2003.0,PERMANENT,1428,SJØ,SALTVANN,2340.0,TN,,61.401867,5.092079,084.120
155,11786,HØYVIKA,1984.0,PERMANENT,1428,SJØ,SALTVANN,1560.0,TN,,61.373865,4.964442,084.21
156,11791,LANGERÅA,1973.0,PERMANENT,1401,SJØ,SALTVANN,2340.0,TN,,61.6323,4.858979,085.82
157,11793,ÅNNAHOLMANE,1981.0,PERMANENT,1428,SJØ,SALTVANN,1560.0,TN,,61.283901,4.72754,084.3
158,11800,AUSTENESTÅA,1987.0,PERMANENT,1401,SJØ,SALTVANN,1560.0,TN,,61.490301,5.167471,084.92
159,11803,KYRAVIKA,1990.0,PERMANENT,1429,SJØ,SALTVANN,3120.0,TN,,61.317373,5.154974,082.41
160,11807,MARØYTÅA,1973.0,PERMANENT,1401,SJØ,SALTVANN,2340.0,TN,,61.50499,5.114871,084.92
161,11809,KRABBESTIG,1977.0,PERMANENT,1439,SJØ,SALTVANN,3900.0,TN,,61.896939,5.053759,091.14
162,11813,SVINØY V,1984.0,PERMANENT,1429,SJØ,SALTVANN,1560.0,TN,,61.302234,5.097022,082.31
163,11833,FLÅTEGRUNNEN,1984.0,PERMANENT,1401,SJØ,SALTVANN,3120.0,TN,,61.576195,4.817443,085.81
164,11854,PINNEN,1986.0,PERMANENT,1004,SJØ,SALTVANN,3600.0,TN,,58.228551,6.680714,025.62
165,11856,SALVÅGVIKA,1987.0,PERMANENT,1004,SJØ,SALTVANN,3120.0,TN,,58.222293,6.633439,026.2
166,11857,BUKSEVIKA,1984.0,PERMANENT,1004,SJØ,SALTVANN,3120.0,TN,,58.207934,6.634395,026.2
167,11861,SKIPNINGSDALEN,1987.0,PERMANENT,1004,SJØ,SALTVANN,3120.0,TN,,58.244829,6.589335,026.110
168,11864,NAPP,1986.0,PERMANENT,1004,SJØ,SALTVANN,2340.0,TN,,58.249409,6.500398,026.2
169,11893,FOSSÅ,1973.0,PERMANENT,1133,SJØ,SALTVANN,3600.0,TN,,59.270015,6.146898,035.5
170,11907,GRÅTNES,2004.0,PERMANENT,1129,SJØ,SALTVANN,1000.0,TN,,58.873197,6.122395,030.421
171,11908,OLTESVIK,1991.0,PERMANENT,1122,SJØ,SALTVANN,910.0,TN,,58.854361,6.123959,030.12
172,11913,KJEAHOLA,1973.0,PERMANENT,1133,SJØ,SALTVANN,3600.0,TN,,59.289865,6.06971,034.1
173,11920,HERØY,1978.0,PERMANENT,1160,SJØ,SALTVANN,3055.0,TN,,59.468673,6.029512,038.212
174,11922,OANES (SJØ),2000.0,PERMANENT,1129,SJØ,SALTVANN,1224.0,M3,,58.908102,6.076067,031.622
175,11925,VINTRAVIKI,1973.0,PERMANENT,1134,SJØ,SALTVANN,520.0,TN,,59.399178,6.016217,037.62
176,11930,BJELKAVIK,1986.0,PERMANENT,1134,SJØ,SALTVANN,2340.0,TN,,59.446997,5.985533,038.12
177,11939,SMAL-SKAR,1986.0,PERMANENT,1141,SJØ,SALTVANN,2340.0,TN,,59.20218,5.968608,034.2
178,11957,INDRE SLETTAVIKNESET,1973.0,PERMANENT,1102,SJØ,SALTVANN,2340.0,TN,,58.951727,5.941929,029.21
179,11964,RINGJA,1972.0,PERMANENT,1146,SJØ,SALTVANN,3120.0,TN,,59.406305,5.860483,038.52
180,11966,SKIGELSTRAND,1973.0,PERMANENT,1160,SJØ,SALTVANN,780.0,TN,,59.493964,5.843504,038.42
181,11971,STORE TEISTHOLMEN Ø,1984.0,PERMANENT,1102,SJØ,SALTVANN,2340.0,TN,,58.975862,5.861465,029.21
182,11972,PRESTHOLMANE,1973.0,PERMANENT,1141,SJØ,SALTVANN,2340.0,TN,,59.116517,5.843359,034.4
183,12003,ROSSHOLMEN N,2003.0,PERMANENT,1142,SJØ,SALTVANN,2340.0,TN,,59.062164,5.719605,034.4
184,12007,DALE II,1973.0,PERMANENT,1142,SJØ,SALTVANN,1560.0,TN,,59.086062,5.702968,034.4
185,12011,HÅØYA NØ,2003.0,PERMANENT,1146,SJØ,SALTVANN,2340.0,TN,,59.289263,5.671019,039.12
186,12018,ROSSHOLMEN,2007.0,PERMANENT,1238,SJØ,SALTVANN,500.0,TN,,60.394608,6.275128,052.510
187,12019,SALTKJELEN II,1973.0,PERMANENT,1227,SJØ,SALTVANN,2340.0,TN,,60.248017,6.2014,047.12
188,12022,LJONESBJØRGENE,1973.0,PERMANENT,1238,SJØ,SALTVANN,2340.0,TN,,60.256953,6.164446,052.80
189,12033,DYSVIK,1973.0,PERMANENT,1238,SJØ,SALTVANN,1560.0,TN,,60.19326,5.966031,053.22
190,12035,HONDSKÅR,1973.0,PERMANENT,1224,SJØ,SALTVANN,2340.0,TN,,60.107335,5.941545,053.3
191,12036,HISDALEN,1973.0,PERMANENT,1224,SJØ,SALTVANN,2340.0,TN,,60.126894,5.932525,053.3
192,12040,BRANDASKUTA,1973.0,PERMANENT,1224,SJØ,SALTVANN,2340.0,TN,,59.976323,5.910617,045.5
193,12047,MJÅNESET,1973.0,PERMANENT,1241,SJØ,SALTVANN,2340.0,TN,,60.176028,5.723933,053.73
194,12048,SKIFTESNESET N,1973.0,PERMANENT,1241,SJØ,SALTVANN,3120.0,TN,,60.0719,5.736557,053.610
195,12067,ALDALEN,1986.0,PERMANENT,1243,SJØ,SALTVANN,2340.0,TN,,60.249259,5.572149,055.60
196,12071,OMMUNDSTEIGEN,2006.0,PERMANENT,1134,SJØ,SALTVANN,1040.0,TN,,59.549739,6.512615,036.21
197,12074,SVÅSANDNESET,1990.0,PERMANENT,1227,SJØ,SALTVANN,3120.0,TN,,60.323617,6.318133,047.31
198,12078,GANGDAL,1973.0,MIDLERTIDIG,1227,SJØ,SALTVANN,2340.0,TN,,60.215469,6.157197,047.11
199,12081,STRAUMNESET,1973.0,MIDLERTIDIG,1227,SJØ,SALTVANN,2340.0,TN,,60.221397,6.140429,047.11
200,12085,APLAVIKA,1978.0,PERMANENT,1238,SJØ,SALTVANN,1560.0,TN,,60.258181,6.055854,053.10
201,12086,ALSÅKERVIK,1989.0,PERMANENT,1224,SJØ,SALTVANN,780.0,TN,,59.759929,6.074913,042.621
202,12095,BERGADALEN,1973.0,PERMANENT,1238,SJØ,SALTVANN,2340.0,TN,,60.121826,5.907786,053.42
203,12108,SKORPO NV,1979.0,PERMANENT,1224,SJØ,SALTVANN,3120.0,TN,,59.949283,5.819483,045.5
204,12109,EBNE,1974.0,PERMANENT,1211,SJØ,SALTVANN,3900.0,TN,,59.712322,5.826645,042.111
205,10724,KLOKKSTEIN,2004.0,PERMANENT,1942,SJØ,SALTVANN,2830.0,TN,,69.818879,20.719497,206.6122
206,10726,ULØYBUKT,1984.0,PERMANENT,1941,SJØ,SALTVANN,2700.0,TN,,69.859658,20.69753,206.6110
207,10734,GOURTESJOUKA,1977.0,PERMANENT,1940,SJØ,SALTVANN,3600.0,TN,,69.568148,20.529402,206.11
208,10735,STORBUKTA,1982.0,PERMANENT,1938,SJØ,SALTVANN,3120.0,TN,,69.662043,20.328207,204.22
209,10747,FUTNES,1977.0,PERMANENT,1936,SJØ,SALTVANN,2700.0,TN,,69.955076,19.575178,200.2
210,10753,STRANDMO,1977.0,PERMANENT,1936,SJØ,SALTVANN,3600.0,TN,,69.881393,19.435953,200.2
211,10757,DÅVØYA,1977.0,PERMANENT,1936,SJØ,SALTVANN,3600.0,TN,,70.056117,19.342233,200.12
212,10759,KARANES,1977.0,PERMANENT,1936,SJØ,SALTVANN,3600.0,TN,,70.065312,19.300877,200.11
213,10789,STORE LERRESFJORD,1987.0,PERMANENT,2012,SJØ,SALTVANN,3480.0,TN,,70.283818,23.462626,213.410
214,10790,OLDERFJORD,1999.0,PERMANENT,2017,SJØ,SALTVANN,3480.0,TN,,70.385982,23.472271,215.2
215,10791,NORDNES,1987.0,PERMANENT,2012,SJØ,SALTVANN,3480.0,TN,,70.28285,23.401384,213.410
216,10794,MORTENSNES,1987.0,PERMANENT,2012,SJØ,SALTVANN,900.0,TN,,70.126208,23.232887,213.12
217,10795,OLANESET,2001.0,PERMANENT,2014,SJØ,SALTVANN,780.0,TN,,70.213632,22.273232,211.50
218,10796,HUNDBERGAN,1981.0,PERMANENT,2014,SJØ,SALTVANN,3480.0,TN,,70.192883,21.81905,211.330
219,10798,SVARTBERGET,1983.0,PERMANENT,1943,SJØ,SALTVANN,2700.0,TN,,70.017327,22.016895,210.31
220,10806,RAKKENES,1983.0,PERMANENT,1943,SJØ,SALTVANN,3100.0,TN,,69.88435,21.730383,209.22
221,10808,HJELLBERGET,1986.0,PERMANENT,1943,SJØ,SALTVANN,1800.0,TN,,69.911339,21.602616,209.21
222,10811,ELVA I ÅRØYSUNDET,1987.0,PERMANENT,2012,SJØ,SALTVANN,900.0,TN,,70.132995,23.33387,213.12
223,10814,MÅRSANJARGA,1987.0,PERMANENT,2012,SJØ,SALTVANN,2700.0,TN,,70.240432,23.282398,213.30
224,10819,EIDSNES,1987.0,PERMANENT,2012,SJØ,SALTVANN,3480.0,TN,,70.091162,22.755267,211.92
225,10821,TUVAN,1987.0,PERMANENT,2012,SJØ,SALTVANN,3480.0,TN,,70.092491,22.710629,211.72
226,10822,RIVARBUKT,1987.0,PERMANENT,2012,SJØ,SALTVANN,3480.0,TN,,70.08756,22.662852,211.72
227,10825,STEINVIKNES,1987.0,PERMANENT,2014,SJØ,SALTVANN,2700.0,TN,,70.148877,22.298278,211.50
228,10828,KLEPPENES N,1982.0,PERMANENT,2004,SJØ,SALTVANN,2700.0,TN,,70.541821,23.558587,215.11
229,10837,KUVIKA,2000.0,PERMANENT,2004,SJØ,SALTVANN,2700.0,TN,,70.668992,23.160362,216.1
230,10838,SLETTNESFJORD,2000.0,PERMANENT,2004,SJØ,SALTVANN,2700.0,TN,,70.624417,23.101717,216.2
231,10839,STORE KUFJORD,1997.0,PERMANENT,2012,SJØ,SALTVANN,1800.0,TN,,70.348827,23.073217,215.4
232,10840,LILLE KUFJORD,1982.0,PERMANENT,2012,SJØ,SALTVANN,1800.0,TN,,70.349902,22.977358,215.4
233,10841,POLLEN,1982.0,PERMANENT,2012,SJØ,SALTVANN,1800.0,TN,,70.340062,22.803226,214.1
234,10858,MULINGEN,2001.0,PERMANENT,1811,SJØ,SALTVANN,2860.0,TN,,65.10865,12.442233,144.51
235,10876,ISTERVIKA,1977.0,PERMANENT,1813,SJØ,SALTVANN,4680.0,TN,,65.4478,12.558083,148.2212
236,10877,MORTENØY,1977.0,PERMANENT,1813,SJØ,SALTVANN,3120.0,TN,,65.458837,12.550554,148.222
237,10885,JEKTVIKA II,1973.0,PERMANENT,1812,SJØ,SALTVANN,3120.0,TN,,65.310896,12.401147,145.30
238,10893,RENSØYA N,1977.0,PERMANENT,1835,SJØ,SALTVANN,3120.0,TN,,66.502682,12.070477,158.7
239,10898,LAMHOLMEN,2007.0,PERMANENT,1813,SJØ,SALTVANN,100.0,TN,,65.473122,12.136585,146.4
240,10961,SKONSENG,1973.0,PERMANENT,1824,SJØ,SALTVANN,3120.0,TN,,65.806692,12.617207,149.50
241,10974,STORE BUKKØY N,1984.0,PERMANENT,1834,SJØ,SALTVANN,780.0,TN,,66.402968,12.422694,158.6
242,10989,LABUKTA V,1977.0,PERMANENT,1818,SJØ,SALTVANN,1560.0,TN,,66.012145,12.351952,154.3
243,10990,LILLE ÅSVÆR,1984.0,PERMANENT,1827,SJØ,SALTVANN,4680.0,TN,,66.230167,12.318667,154.4
244,11015,BRATTHOLMEN,1985.0,PERMANENT,1818,SJØ,SALTVANN,3120.0,TN,,65.907461,12.219968,150.3
245,11041,NORD-GÅSVÆR,1977.0,PERMANENT,1818,SJØ,SALTVANN,1560.0,TN,,66.064899,12.043598,154.4
246,11074,KVALVIKA,1977.0,PERMANENT,1836,SJØ,SALTVANN,3120.0,TN,,66.667717,13.38485,159.7120
247,11076,DIGERMULEN,1977.0,PERMANENT,1836,SJØ,SALTVANN,2340.0,TN,,66.674483,13.317267,159.7120
248,11087,BUKKØYA Ø,1977.0,PERMANENT,1836,SJØ,SALTVANN,3120.0,TN,,66.640982,12.994628,159.6
249,11129,NORDFUGLØY,1973.0,0,1838,SJØ,SALTVANN,3900.0,TN,,67.082195,13.85624,160.63
250,11138,SKÅLSVIKA 1,1977.0,PERMANENT,1837,SJØ,SALTVANN,1560.0,TN,,66.717289,13.557987,159.82
251,11144,SVINVÆR,1973.0,PERMANENT,1836,SJØ,SALTVANN,4500.0,TN,,66.768917,13.170903,159.6
252,11162,BULLATHOLMEN,1981.0,PERMANENT,1866,SJØ,SALTVANN,1560.0,TN,,68.43615,14.848842,179.840
253,11168,ODDVÆRSETRA,1987.0,PERMANENT,1865,SJØ,SALTVANN,3120.0,TN,,68.26833,14.762827,179.23
254,11193,GAMSKJÆRAN,1984.0,PERMANENT,1860,SJØ,SALTVANN,780.0,TN,,68.109473,13.745337,180.320
255,11198,GEITERØYA I,1984.0,PERMANENT,1860,SJØ,SALTVANN,780.0,TN,,68.092399,13.741462,180.320
256,11201,KOLVIKODDEN Ø,1982.0,PERMANENT,1860,SJØ,SALTVANN,780.0,TN,,68.092008,13.691041,180.33
257,11205,OTERHOLMEN I,1982.0,PERMANENT,1860,SJØ,SALTVANN,1560.0,TN,,68.094251,13.63566,180.33
258,11238,LANGØYHOVDEN,1996.0,PERMANENT,1868,SJØ,SALTVANN,2340.0,TN,,68.805677,14.871118,185.750
259,11248,BONHAMMAREN,1984.0,PERMANENT,1867,SJØ,SALTVANN,2340.0,TN,,68.809066,14.709971,185.73
260,11251,HYSJORDA,1984.0,PERMANENT,1867,SJØ,SALTVANN,1560.0,TN,,68.786497,14.633497,185.720
261,11252,VINDHAMMEREN,1981.0,PERMANENT,1867,SJØ,SALTVANN,1560.0,TN,,68.78102,14.591499,185.720
262,11273,SKYSSELVIKA V,2004.0,PERMANENT,1841,SJØ,SALTVANN,1560.0,TN,,67.240099,15.393776,164.12
263,11290,STORMNESET,1998.0,PERMANENT,1850,SJØ,SALTVANN,780.0,TN,,68.196411,16.141183,171.11
264,11298,STORØYA NØ,1981.0,PERMANENT,1851,SJØ,SALTVANN,1560.0,TN,,68.424142,15.860193,177.72
265,11326,SKØYEN,1984.0,PERMANENT,1926,SJØ,SALTVANN,2700.0,TN,,69.016026,17.447688,193.2
266,11330,ÅMUNDSVIKA,1984.0,PERMANENT,1919,SJØ,SALTVANN,2700.0,TN,,68.726821,17.336851,190.12
267,11332,MYRLANDSHAUGEN,1986.0,PERMANENT,1919,SJØ,SALTVANN,1800.0,TN,,68.77685,17.287614,190.50
268,11334,SKJERVIKA,1984.0,PERMANENT,1919,SJØ,SALTVANN,1800.0,TN,,68.730909,17.233471,190.11
269,11338,YTRE STRÆTE,1984.0,PERMANENT,1913,SJØ,SALTVANN,2700.0,TN,,68.718678,17.138381,190.11
270,11339,ÅNDERKLEIVA,1973.0,PERMANENT,1917,SJØ,SALTVANN,4500.0,TN,,68.924673,17.149835,192.11
271,11340,BJØRNSTEIN,1984.0,PERMANENT,1917,SJØ,SALTVANN,3120.0,TN,,68.892513,17.107623,192.4
272,11350,LAVIKA,1986.0,PERMANENT,1928,SJØ,SALTVANN,1800.0,TN,,69.254954,17.089867,195.3
273,11351,TROLLVIKA,1986.0,PERMANENT,1913,SJØ,SALTVANN,2700.0,TN,,68.715307,17.023925,189.32
274,11353,TORSKENFJ. S,1973.0,PERMANENT,1928,SJØ,SALTVANN,1800.0,TN,,69.328898,17.058917,195.41
275,11356,HUSVIKA,1973.0,PERMANENT,1928,SJØ,SALTVANN,1800.0,TN,,69.336486,17.024074,195.41
276,11357,SKARVBERGET,1986.0,PERMANENT,1927,SJØ,SALTVANN,3600.0,TN,,69.146653,17.010267,195.12
277,11363,ENKELTSTEIN/GOVIKA,1986.0,PERMANENT,1917,SJØ,SALTVANN,2700.0,TN,,68.729842,16.912085,188.232
278,11364,ÅRBERG,1986.0,PERMANENT,1928,SJØ,SALTVANN,900.0,TN,,69.199557,16.915414,195.20
279,11365,GJERVIKA,1986.0,PERMANENT,1927,SJØ,SALTVANN,2700.0,TN,,69.052727,16.887547,194.83
280,11378,ØVERGÅRDEN,1981.0,PERMANENT,1915,SJØ,SALTVANN,2700.0,TN,,68.982695,16.534152,187.2
281,11381,DYPINGEN,1981.0,PERMANENT,1915,SJØ,SALTVANN,2700.0,TN,,68.960433,16.527383,187.31
282,11399,BOGELVA,1981.0,PERMANENT,1911,SJØ,SALTVANN,3120.0,TN,,68.656267,15.902467,178.90
283,12784,RINGHOLMEN,1972.0,PERMANENT,1613,SJØ,SALTVANN,5460.0,TN,,63.559817,9.408617,119.81
284,12789,GUNNARØYA,1972.0,PERMANENT,1613,SJØ,SALTVANN,4680.0,TN,,63.568522,9.466677,119.81
285,12794,RUNDKLUMPEN,1988.0,PERMANENT,1627,SJØ,SALTVANN,2340.0,TN,,63.801635,9.60871,134.41
286,12832,RISHOLMEN,1973.0,PERMANENT,926,SJØ,SALTVANN,585.0,TN,,58.142418,8.267924,020.421
287,12844,SETERNESET,1986.0,PERMANENT,1502,SJØ,SALTVANN,2340.0,TN,,62.673945,7.307049,104.4
288,12855,KORNSTAD,1973.0,PERMANENT,1554,SJØ,SALTVANN,3120.0,TN,,62.963773,7.450061,110.31
289,12870,LEITE,1973.0,PERMANENT,1554,SJØ,SALTVANN,3120.0,TN,,63.035983,7.677833,110.210
290,12871,HOGSNES,1973.0,PERMANENT,1554,SJØ,SALTVANN,1560.0,TN,,63.094446,7.676866,110.210
291,12879,ENDRESETBUKTA,1973.0,PERMANENT,1505,SJØ,SALTVANN,3120.0,TN,,63.030183,7.71615,110.14
292,12884,SANDNESBUKTA,1986.0,PERMANENT,1543,SJØ,SALTVANN,780.0,TN,,62.735304,7.874947,104.21
293,12890,HØYBUVIKA,1986.0,PERMANENT,1557,SJØ,SALTVANN,2340.0,TN,,62.955589,8.045894,109.1110
294,12892,SJØLSVIK,1981.0,PERMANENT,1557,SJØ,SALTVANN,2340.0,TN,,62.90481,8.104616,109.112
295,12895,HALSBUKTA,1987.0,PERMANENT,1560,SJØ,SALTVANN,1560.0,TN,,63.077685,8.143622,111.210
296,12897,HONNHAMMARVIKA,1973.0,PERMANENT,1560,SJØ,SALTVANN,975.0,TN,,62.863853,8.15863,109.60
297,12904,MERRABERGET,1981.0,PERMANENT,1543,SJØ,SALTVANN,2340.0,TN,,62.783746,8.28076,109.220
298,12917,SJØLSENG,1973.0,PERMANENT,1563,LAND,SALTVANN,195.0,TN,,62.666291,8.52176,109.5A1
299,13316,STORVIK,1987.0,PERMANENT,2014,SJØ,SALTVANN,2700.0,TN,,70.14877,22.43023,211.50
300,13339,KLUNGERVIKNESET,1973.0,PERMANENT,1219,SJØ,SALTVANN,1560.0,TN,,59.748751,5.342197,043.20
301,13340,LEIHOLMANE,1973.0,PERMANENT,1411,SJØ,SALTVANN,2340.0,TN,,60.983711,4.875299,068.8
302,13341,BAKJESTRANDA,1996.0,PERMANENT,1438,SJØ,SALTVANN,2340.0,TN,,61.819862,4.938233,090.21
303,13345,OTERSTEGDALEN,1973.0,PERMANENT,1241,SJØ,SALTVANN,2340.0,TN,,60.23988,5.65176,055.220
304,13412,DYPEIDET,1996.0,0,1868,SJØ,SALTVANN,2340.0,TN,,68.827097,14.771758,185.74
305,13503,HEGGVIKA,1982.0,PERMANENT,1617,SJØ,SALTVANN,2340.0,TN,,63.611518,9.057047,117.13
306,13518,ANGSTAUREN,1973.0,PERMANENT,1902,SJØ,SALTVANN,3525.0,TN,,69.692258,18.168455,197.54
307,13527,FINNKJERKA,1981.0,PERMANENT,1866,SJØ,SALTVANN,2340.0,TN,,68.343831,15.048563,178.20
308,13531,SKOGSHAVN,2004.0,PERMANENT,1926,SJØ,SALTVANN,3480.0,TN,,69.093069,17.519118,193.2
309,13541,MIDTFLUA,1973.0,PERMANENT,1223,SJØ,SALTVANN,3120.0,TN,,60.07644,5.464497,054.4
310,13549,LØYPINGNESET,1973.0,PERMANENT,1438,SJØ,SALTVANN,2340.0,TN,,61.817799,5.244463,086.3110
311,13550,MARØY NØ,1973.0,PERMANENT,1438,SJØ,SALTVANN,1560.0,TN,,61.846062,5.292353,086.312
312,13554,OVERÅNESET,1988.0,PERMANENT,1525,SJØ,SALTVANN,1560.0,TN,,62.297201,7.123835,100.1
313,13562,UFØRO,1986.0,PERMANENT,1221,SJØ,SALTVANN,3120.0,TN,,59.877803,5.526557,044.22
314,13563,ANGELSKÅR,1973.0,PERMANENT,1253,SJØ,SALTVANN,2340.0,TN,,60.525745,5.356925,060.3
315,13566,STORSKREBUKTI,1987.0,PERMANENT,1263,SJØ,SALTVANN,780.0,TN,,60.653361,5.423067,065.5
316,13567,"KNAPPEN,SOLHEIM",1974.0,PERMANENT,1266,SJØ,SALTVANN,780.0,TN,,60.884413,5.459904,067.50
317,13568,STOREVIK,1983.0,PERMANENT,1428,SJØ,SALTVANN,1560.0,TN,,61.477396,5.285581,084.51
318,13570,ULVÆRHOLMEN,1973.0,MIDLERTIDIG,1617,SJØ,SALTVANN,2340.0,TN,,63.596715,9.119765,117.123
319,13573,KISTVIKA,1986.0,PERMANENT,1612,SJØ,SALTVANN,2340.0,TN,,63.380708,9.164458,119.110
320,13581,RAMSTADHOLMEN,1977.0,PERMANENT,1751,SJØ,SALTVANN,3120.0,TN,,64.754988,11.247278,143.11
321,13593,STORFJELL,1981.0,PERMANENT,1865,SJØ,SALTVANN,2340.0,TN,,68.32667,15.206237,178.13
322,12966,LINDVIK,1973.0,PERMANENT,1160,SJØ,SALTVANN,3120.0,TN,,59.475612,5.97945,038.22
323,12978,LYNGHOLMEN,2004.0,PERMANENT,1411,SJØ,SALTVANN,2340.0,TN,,61.01606,5.004452,068.8
324,12980,KLUBBEN,1973.0,PERMANENT,1412,SJØ,SALTVANN,3120.0,TN,,61.17533,4.999187,081.2
325,12982,ALDEØYNA,1981.0,PERMANENT,1428,SJØ,SALTVANN,1560.0,TN,,61.312277,4.772294,084.3
326,12988,AUKRASANDEN,1972.0,PERMANENT,1547,SJØ,SALTVANN,3900.0,TN,,62.783676,6.920443,106.430
327,12993,LAMØYA,1972.0,PERMANENT,1620,SJØ,SALTVANN,3120.0,TN,,63.732585,8.856378,118.12
328,13000,SLÅTTVIKA,1977.0,PERMANENT,1813,SJØ,SALTVANN,4680.0,TN,,65.5237,12.5455,148.52
329,13006,HESTHOLMEN N,1984.0,PERMANENT,1838,SJØ,SALTVANN,1560.0,TN,,67.146207,14.017013,161.53
330,13020,NYGÅRD,1973.0,PERMANENT,1242,SJØ,SALTVANN,2340.0,TN,,60.354515,5.682625,055.4
331,13032,SYLVØYANE,1964.0,PERMANENT,1219,SJØ,SALTVANN,975.0,TN,,59.606885,5.128835,043.3
332,13035,SAUANESET I,1988.0,PERMANENT,1244,SJØ,SALTVANN,2340.0,TN,,60.089051,5.264919,054.2
333,13036,GJENGANE,1973.0,PERMANENT,1244,SJØ,SALTVANN,3120.0,TN,,60.07145,5.30635,054.2
334,13055,LANGØYNA Ø,2004.0,0,1146,SJØ,SALTVANN,3120.0,TN,,59.302032,5.713705,039.12
335,13057,TEIGLAND I,1973.0,PERMANENT,1238,SJØ,SALTVANN,2340.0,TN,,60.182205,5.957568,053.22
336,13058,FUSAVIKA,1973.0,PERMANENT,1241,SJØ,SALTVANN,2340.0,TN,,60.205462,5.616449,055.1
337,13119,HESTEN,1987.0,PERMANENT,2012,SJØ,SALTVANN,2700.0,TN,,70.236911,23.414587,213.30
338,13125,STORVIKA,1973.0,PERMANENT,1837,SJØ,SALTVANN,3120.0,TN,,66.809136,13.2362,160.1
339,13143,BONDEJORDA,2000.0,PERMANENT,2022,SJØ,SALTVANN,2700.0,TN,,70.818004,27.578117,230.52
340,13196,SYLTØY,1969.0,PERMANENT,1245,SJØ,SALTVANN,2340.0,TN,,60.303712,4.967353,057.20
341,13205,BRATTHOLMEN,1984.0,PERMANENT,1412,SJØ,SALTVANN,2340.0,TN,,61.066851,4.716036,081.7
342,13209,BOGNØY,1973.0,PERMANENT,1260,SJØ,SALTVANN,1300.0,TN,,60.604062,5.075676,059.1
343,13220,KALHAG,1973.0,PERMANENT,1130,SJØ,SALTVANN,2340.0,TN,,58.976755,5.936229,032.2
344,13221,NAUTVIK,1986.0,PERMANENT,1141,SJØ,SALTVANN,2340.0,TN,,59.184691,5.950895,034.2
345,13222,KUNES,2002.0,PERMANENT,1141,SJØ,SALTVANN,2340.0,TN,,59.20813,5.954061,034.2
346,13225,KILANESET,2004.0,PERMANENT,1134,SJØ,SALTVANN,780.0,TN,,59.313909,6.266251,035.61
347,13226,VINDSVIK,1986.0,PERMANENT,1133,SJØ,SALTVANN,3600.0,TN,,59.300533,6.32705,035.5
348,13227,ALTANESET,1973.0,PERMANENT,1241,SJØ,SALTVANN,2340.0,TN,,60.247382,5.63924,055.31
349,13229,DJUPEDALEN,1976.0,PERMANENT,1241,SJØ,SALTVANN,780.0,TN,,60.230273,5.673519,055.21
350,13234,KYSNES,1973.0,MIDLERTIDIG,1227,SJØ,SALTVANN,2340.0,TN,,60.199792,6.097189,046.52
351,13236,INDRE OPPEDAL,1979.0,PERMANENT,1411,SJØ,SALTVANN,3120.0,TN,,61.06599,5.565746,069.42
352,13241,ENDAL V,1977.0,MIDLERTIDIG,1438,SJØ,SALTVANN,2600.0,TN,,61.907253,5.465967,086.42
353,13242,JUVIKA B,1977.0,PERMANENT,1438,SJØ,SALTVANN,3120.0,TN,,61.89527,5.633052,086.44
354,13243,SANDVIKA,1984.0,PERMANENT,1519,SJØ,SALTVANN,3120.0,TN,,62.192795,5.907657,094.110
355,13246,VOLDNES,1987.0,PERMANENT,1515,SJØ,SALTVANN,3120.0,TN,,62.210167,5.7884,096.340
356,13254,AUKAN,1973.0,PERMANENT,1554,SJØ,SALTVANN,585.0,TN,,63.060388,7.589373,110.34
357,13271,ALMURDEN,1973.0,PERMANENT,1749,SJØ,SALTVANN,3900.0,TN,,64.434002,10.683713,137.530
358,13284,BOLLHAUGEN,2001.0,MIDLERTIDIG,1827,SJØ,SALTVANN,260.0,TN,,66.112308,12.489883,154.510
359,13291,SOLØYA N,1982.0,PERMANENT,1859,SJØ,SALTVANN,3120.0,TN,,68.003822,13.182275,181.32
360,13296,SANDNES Ø,1981.0,PERMANENT,1866,SJØ,SALTVANN,2340.0,TN,,68.599033,14.94435,185.330
361,13297,KINES,1986.0,PERMANENT,1845,SJØ,SALTVANN,2340.0,TN,,67.447333,15.4865,166.32
362,13305,BARBOGEN,1973.0,PERMANENT,1928,SJØ,SALTVANN,1800.0,TN,,69.367165,17.009143,195.42
363,13306,YSTEVIKA,1986.0,PERMANENT,1913,SJØ,SALTVANN,4500.0,TN,,68.692235,17.051338,189.4
364,12260,JUVIKA,1977.0,PERMANENT,1545,SJØ,SALTVANN,780.0,TN,,62.663448,6.696519,106.320
365,12281,ROGNE,1984.0,PERMANENT,1534,SJØ,SALTVANN,3120.0,TN,,62.666817,6.3548,101.93
366,12298,RØYSA,1984.0,PERMANENT,1532,SJØ,SALTVANN,2340.0,TN,,62.5486,6.13675,101.74
367,12308,BJØRNDAL,1978.0,MIDLERTIDIG,1520,SJØ,SALTVANN,2340.0,TN,,62.273953,6.003447,095.31
368,12348,KÅHOLMEN,1973.0,PERMANENT,1617,SJØ,SALTVANN,3900.0,TN,,63.617585,8.99361,117.11
369,12357,AURSØYSVA,1973.0,PERMANENT,1620,SJØ,SALTVANN,2080.0,TN,,63.799718,8.904592,118.110
370,12361,BUKKHOLMEN S,1972.0,PERMANENT,1620,SJØ,SALTVANN,3900.0,TN,,63.72368,8.8631,118.12
371,12366,RASKJÆRET,1973.0,PERMANENT,1620,SJØ,SALTVANN,2080.0,TN,,63.793391,8.851846,118.110
372,12380,LANGØYA/KVALØYA,1986.0,PERMANENT,1620,SJØ,SALTVANN,2340.0,TN,,63.791097,8.60728,118.230
373,12383,OMSØYHOLMAN,1973.0,PERMANENT,1617,SJØ,SALTVANN,3900.0,TN,,63.62957,8.584172,117.4250
374,12385,LYNGVÆR Ø II,1986.0,PERMANENT,1620,SJØ,SALTVANN,1560.0,TN,,63.80621,8.567418,118.230
375,12392,LILLE TORSØY,1974.0,PERMANENT,1617,SJØ,SALTVANN,5200.0,TN,,63.605633,8.48855,117.41
376,12394,ØRNØYA,1987.0,PERMANENT,1620,SJØ,SALTVANN,3900.0,TN,,63.761128,8.445808,118.230
377,12406,RAUODDEN,1980.0,PERMANENT,1617,SJØ,SALTVANN,1560.0,TN,,63.66516,8.879338,117.4250
378,12407,FLESA,1980.0,PERMANENT,1617,SJØ,SALTVANN,1560.0,TN,,63.645,8.879483,117.426
379,12435,GRØTTINGSØY,1974.0,PERMANENT,1620,SJØ,SALTVANN,5460.0,TN,,63.8772,8.542997,118.3
380,12449,TENNØYA,1974.0,PERMANENT,1620,SJØ,SALTVANN,3900.0,TN,,63.802415,8.433162,118.3
381,12466,BRETTINGEN,1973.0,PERMANENT,1573,SJØ,SALTVANN,5460.0,TN,,63.357333,8.236183,115.10
382,12483,HJORTHOLMAN,1974.0,PERMANENT,1573,SJØ,SALTVANN,4680.0,TN,,63.456893,7.862755,115.31
383,12590,HELLIGHOLMEN,1977.0,PERMANENT,1750,SJØ,SALTVANN,3120.0,TN,,64.838143,10.665543,143.42
384,12599,INDRE SKJERVØY,1973.0,PERMANENT,1633,SJØ,SALTVANN,3900.0,TN,,64.286335,10.306495,137.12
385,12624,FEØYVIKA,1973.0,PERMANENT,1749,SJØ,SALTVANN,5460.0,TN,,64.561,10.917883,137.720
386,12625,BJØRGAN,1973.0,PERMANENT,1749,SJØ,SALTVANN,5460.0,TN,,64.5921,10.90985,137.720
387,12633,LYRNESSET,1977.0,PERMANENT,1749,SJØ,SALTVANN,2340.0,TN,,64.525231,10.74838,137.60
388,12652,KRÅKØYA,1979.0,PERMANENT,1750,SJØ,SALTVANN,3120.0,TN,,65.004295,11.039782,143.42
389,12659,DIGERNESET,1977.0,PERMANENT,1751,SJØ,SALTVANN,3120.0,TN,,64.786125,11.724225,141.210
390,12660,KIPHOLMEN,1982.0,PERMANENT,1751,SJØ,SALTVANN,1560.0,TN,,64.792023,11.680477,141.3
391,12662,TERNSKJÆRET II,1981.0,PERMANENT,1751,SJØ,SALTVANN,2340.0,TN,,64.775485,11.64095,141.120
392,12678,VEDØYA,1982.0,PERMANENT,1748,SJØ,SALTVANN,3120.0,TN,,64.606968,11.355178,140.72
393,12705,SKROSEN,2003.0,PERMANENT,1755,SJØ,SALTVANN,2340.0,TN,,65.120837,11.681167,143.830
394,12712,SLOKKHOLMEN Ø,1977.0,PERMANENT,1755,SJØ,SALTVANN,4680.0,TN,,65.044175,11.486245,143.820
395,12714,GJERDINGA,1979.0,PERMANENT,1751,SJØ,SALTVANN,3900.0,TN,,64.946928,11.458908,143.640
396,12727,KVITNESET,1984.0,PERMANENT,1751,SJØ,SALTVANN,3120.0,TN,,64.968025,11.665157,143.71
397,12730,BÅFJORDEN,1977.0,PERMANENT,1751,SJØ,SALTVANN,1560.0,TN,,64.950328,11.572368,143.552
398,14676,SLAPØYA N,2002.0,PERMANENT,1827,SJØ,SALTVANN,1560.0,TN,,66.153452,12.372683,154.510
399,14795,RINØYVÅG Ø,1981.0,PERMANENT,1851,SJØ,SALTVANN,1560.0,TN,,68.376165,15.76597,177.74
400,14799,DJUPESTALLEN,1973.0,PERMANENT,1223,SJØ,SALTVANN,3120.0,TN,,60.058803,5.451545,054.4
401,15118,KALVØYA,1973.0,PERMANENT,1834,SJØ,SALTVANN,2340.0,TN,,66.393455,12.797611,158.2
402,15196,AGA Ø,1964.0,PERMANENT,1219,SJØ,SALTVANN,2340.0,TN,,59.845318,5.26014,043.1
403,15236,SKULGAMBUKT,1989.0,MIDLERTIDIG,1902,SJØ,SALTVANN,975.0,TN,,69.788981,19.168705,200.30
404,15403,OLDERØY,1972.0,PERMANENT,1412,SJØ,SALTVANN,3900.0,TN,,61.103616,4.712913,081.6
405,15456,EIDESBERGET,1973.0,PERMANENT,1416,SJØ,SALTVANN,1625.0,TN,,61.106279,5.854739,069.82
406,15460,LAHOLMEN,1984.0,PERMANENT,2019,SJØ,SALTVANN,4260.0,TN,,70.894028,25.562764,220.83
407,15461,STORVIKA,1984.0,PERMANENT,2019,SJØ,SALTVANN,4260.0,TN,,70.869773,25.446923,220.82
408,15517,TINNLANDET,1982.0,PERMANENT,2004,SJØ,SALTVANN,3480.0,TN,,70.533686,23.221251,215.6
409,15655,HJARTØY N,1984.0,PERMANENT,1828,SJØ,SALTVANN,1560.0,TN,,66.23606,12.713452,158.53
410,15657,KÅGEN,1982.0,PERMANENT,1941,0,SALTVANN,3600.0,TN,,69.955357,20.746852,206.731
411,15796,BORGARLIFLOT,1986.0,PERMANENT,1134,SJØ,SALTVANN,2340.0,TN,,59.390859,5.928861,038.11
412,15860,KVERNBUKTA V,1986.0,PERMANENT,1928,SJØ,SALTVANN,1800.0,TN,,69.235237,17.087971,195.3
413,15957,LATVIKA,1986.0,PERMANENT,2027,SJØ,SALTVANN,3480.0,TN,,70.062159,29.036718,242.3
414,16015,RUSSELVA,1986.0,PERMANENT,1942,SJØ,SALTVANN,1800.0,TN,,69.887105,20.7707,206.53
415,16216,LØNSKOG,1973.0,PERMANENT,1868,SJØ,SALTVANN,1560.0,TN,,68.863102,15.092138,185.940
416,16255,SKARVFJELL,1986.0,PERMANENT,2030,SJØ,SALTVANN,2700.0,TN,,69.726501,30.408242,247.22
417,16755,HAGEBERG,1988.0,PERMANENT,1222,SJØ,SALTVANN,3120.0,TN,,59.943612,5.433597,044.1
418,17077,TRETTEVIK,1983.0,PERMANENT,1931,SJØ,SALTVANN,3600.0,TN,,69.510107,18.022707,194.2
419,17176,HOLANDSELV,1981.0,PERMANENT,1911,SJØ,SALTVANN,3120.0,TN,,68.698683,15.973133,178.90
420,17177,GRUNNENESET,1973.0,PERMANENT,1438,SJØ,SALTVANN,1560.0,TN,,61.891685,5.351586,086.410
421,17235,ØRNES,2001.0,PERMANENT,1834,SJØ,SALTVANN,2340.0,TN,,66.415197,13.013055,157.622
422,19939,HØYSTEINEN,1969.0,PERMANENT,1224,SJØ,SALTVANN,3120.0,TN,,60.15638,6.048055,053.3
423,19975,ØYA,1997.0,PERMANENT,1838,LAND,FERSKVANN/SALTVANN,30000.0,STK,,67.033042,14.019332,160.73
424,19995,HAGAHAMMAREN,2003.0,PERMANENT,1576,SJØ,SALTVANN,1560.0,TN,,63.138567,8.041035,114.320
425,20075,TJAJNELUOKTA,1984.0,PERMANENT,1850,SJØ,SALTVANN,1560.0,TN,,67.892433,16.236718,171.22
426,20096,SANDHOLMAN,1986.0,PERMANENT,1860,SJØ,SALTVANN,780.0,TN,,68.057565,13.541885,180.340
427,20115,SKJERHOLMEN N.,1969.0,PERMANENT,1245,SJØ,SALTVANN,3120.0,TN,,60.249482,5.172872,057.1
428,20315,OVERÅNESET V,1988.0,PERMANENT,1525,SJØ,SALTVANN,2340.0,TN,,62.299393,7.087051,100.21
429,20316,KORSNES,1987.0,PERMANENT,1866,SJØ,SALTVANN,3120.0,TN,,68.333123,14.947393,179.220
430,20455,DJUPEVIKA,1973.0,PERMANENT,1224,SJØ,SALTVANN,3120.0,TN,,60.041725,6.008347,045.40
431,20559,LANGSKJÆRA,1974.0,PERMANENT,1620,SJØ,SALTVANN,3900.0,TN,,63.822335,8.755212,118.230
432,20595,KYRHOLMEN S,1978.0,PERMANENT,1244,SJØ,SALTVANN,3120.0,TN,,60.161833,5.205927,054.1
433,20776,STOROKSEN,1987.0,PERMANENT,1247,SJØ,SALTVANN,2730.0,TN,,60.533872,4.975617,059.4
434,20815,SLETTVIKA,1993.0,PERMANENT,1520,SJØ,SALTVANN,3900.0,TN,,62.333633,6.1595,095.410
435,20876,BØRØYA,1996.0,PERMANENT,1868,SJØ,SALTVANN,2340.0,TN,,68.841535,14.85105,185.74
436,20897,GISLØY S,1996.0,PERMANENT,1868,SJØ,SALTVANN,2340.0,TN,,68.939089,15.30171,185.1140
437,21016,HUSFJORD,2000.0,PERMANENT,2004,SJØ,SALTVANN,2700.0,TN,,70.553992,22.935359,216.2
438,21176,RISVIK,2003.0,PERMANENT,1850,SJØ,SALTVANN,2340.0,TN,,68.079435,16.310647,171.83
439,21335,FLOTENESET,2004.0,PERMANENT,1416,SJØ,SALTVANN,1560.0,TN,,61.16982,5.805619,080.222
440,17357,RENNAREN,1974.0,PERMANENT,1142,SJØ,SALTVANN,3120.0,TN,,59.131465,5.721332,034.4
441,17495,VULLUM,1987.0,PERMANENT,1571,SJØ,SALTVANN,2340.0,TN,,63.059823,8.222936,112.5
442,17575,TOLLAKSHOLMEN,1974.0,PERMANENT,1145,SJØ,SALTVANN,3600.0,TN,,59.256694,5.393371,039.6
443,18015,HESTABYNESET,1979.0,PERMANENT,1223,SJØ,SALTVANN,3120.0,TN,,59.95745,5.446447,054.62
444,18117,VASSVIKA,1981.0,PERMANENT,2014,SJØ,SALTVANN,3480.0,TN,,70.270622,21.69011,211.35
445,18217,KVALØY ØST,1973.0,PERMANENT,1149,SJØ,SALTVANN,2340.0,TN,,59.394906,5.165407,040.2
446,18235,BASTLI,1973.0,PERMANENT,1133,SJØ,SALTVANN,3600.0,TN,,59.262478,6.172099,035.5
447,18275,KJERINGÅ,1986.0,PERMANENT,1141,SJØ,SALTVANN,2340.0,TN,,59.192558,5.866119,034.5
448,18639,HALSAVIKA,1986.0,PERMANENT,1146,SJØ,SALTVANN,2340.0,TN,,59.390672,5.883072,038.52
449,18657,SKREDSTIVIK,1972.0,MIDLERTIDIG,1413,SJØ,SALTVANN,3120.0,TN,,61.155189,5.141265,080.42
450,18717,HAMMARVIKA,2003.0,PERMANENT,1838,SJØ,SALTVANN,2700.0,TN,,67.130725,14.30486,161.6
451,18755,KLUNGSET,1984.0,PERMANENT,1751,SJØ,SALTVANN,780.0,TN,,64.751125,11.395638,142.8
452,18898,SKAFTÅ,1973.0,PERMANENT,1253,SJØ,SALTVANN,3120.0,TN,,60.455567,5.627083,060.2
453,18936,IGERØY Ø,1977.0,PERMANENT,1815,SJØ,SALTVANN,4500.0,TN,,65.683215,12.135157,147.1
454,19015,STOKKVIKA,1985.0,PERMANENT,1612,SJØ,SALTVANN,1280.0,TN,,63.33385,9.18015,119.32
455,19016,STORSKOGØYA,1973.0,PERMANENT,1613,SJØ,SALTVANN,4680.0,TN,,63.505367,9.191317,119.73
456,19098,LEIVSETHAMRAN,2004.0,PERMANENT,1841,SJØ,SALTVANN,2340.0,TN,,67.223158,15.349519,164.12
457,19135,SANDØYA III,2000.0,PERMANENT,1632,SJØ,SALTVANN,2340.0,TN,,64.24388,10.264362,137.110
458,19195,KORSHOLMAN,1973.0,PERMANENT,1617,SJØ,SALTVANN,1560.0,TN,,63.596418,8.508783,117.41
459,19278,FORSÅSTORVIKA,2005.0,PERMANENT,1850,SJØ,SALTVANN,2340.0,TN,,68.165905,16.142078,171.11
460,19336,FLATHOLMEN,2003.0,PERMANENT,1106,SJØ,SALTVANN,2340.0,TN,,59.430235,5.113763,039.80
461,19355,LÅVA,1973.0,PERMANENT,1141,SJØ,SALTVANN,2340.0,TN,,59.292958,5.969315,034.1
462,19356,KVALROSSKJÆRET,1981.0,PERMANENT,1749,SJØ,SALTVANN,3120.0,TN,,64.537157,10.874247,137.720
463,19556,PUNDSVIK,2003.0,PERMANENT,1854,SJØ,SALTVANN,780.0,TN,,68.413342,16.775746,173.20
464,19635,SKATLEIA,1984.0,PERMANENT,1867,SJØ,SALTVANN,2340.0,TN,,68.793569,14.588791,185.720
465,19655,OSPENESET,1973.0,PERMANENT,1263,SJØ,SALTVANN,1560.0,TN,,60.743652,5.273468,065.5
466,19755,KLUBBEN,1973.0,PERMANENT,1812,SJØ,SALTVANN,2340.0,TN,,65.350959,12.433744,145.30
467,19855,SEGELRÅA,1986.0,PERMANENT,1576,SJØ,SALTVANN,3120.0,TN,,63.149745,8.12855,114.320
468,13594,TROLLØYA SV,1986.0,PERMANENT,1870,SJØ,SALTVANN,3120.0,TN,,68.704382,15.014804,185.530
469,13612,RUNDEREIMSTRANDA,1973.0,PERMANENT,1441,SJØ,SALTVANN,3120.0,TN,,62.007096,5.332034,091.2
470,13629,MUNKHOLMEN,1973.0,PERMANENT,1146,SJØ,SALTVANN,3120.0,TN,,59.284776,5.636327,039.2
471,13643,HJARTHOLM,1979.0,PERMANENT,1411,SJØ,SALTVANN,3120.0,TN,,61.034725,5.328375,069.21
472,13644,TEPSTAD,1973.0,PERMANENT,1253,SJØ,SALTVANN,3120.0,TN,,60.552719,5.390393,060.40
473,13677,TRØAN/BJØRKLIBUKTA,1985.0,PERMANENT,1612,SJØ,SALTVANN,780.0,TN,,63.331783,9.121753,119.110
474,13699,LEIRVIKA,1987.0,PERMANENT,1266,SJØ,SALTVANN,1560.0,TN,,60.739695,5.358379,065.72
475,13704,VIKANE I,1973.0,PERMANENT,1266,SJØ,SALTVANN,1560.0,TN,,60.712306,5.409173,065.71
476,13708,STEINVIK,1986.0,PERMANENT,1401,SJØ,SALTVANN,1560.0,TN,,61.564956,5.299603,085.2
477,13711,DYVIKA,1983.0,PERMANENT,1428,SJØ,SALTVANN,1560.0,TN,,61.478923,5.375607,084.520
478,13748,SALTKJELVIKA,2000.0,PERMANENT,1703,SJØ,SALTVANN,1560.0,TN,,64.597625,11.262615,140.810
479,13764,KOKVIKA,1973.0,PERMANENT,1834,SJØ,SALTVANN,4500.0,TN,,66.413667,12.954217,158.2
480,13765,BREIVIKA,2001.0,MIDLERTIDIG,1834,SJØ,SALTVANN,2340.0,TN,,66.462078,12.959937,158.2
481,13782,HELGENESHAMN,1981.0,PERMANENT,1866,SJØ,SALTVANN,2340.0,TN,,68.492561,15.232192,178.310
482,13784,HØYDALSVIKA,1973.0,PERMANENT,1868,SJØ,SALTVANN,780.0,TN,,68.935767,15.014959,185.950
483,13804,ROGNDALEN,1976.0,PERMANENT,1902,SJØ,SALTVANN,1800.0,TN,,69.787356,18.652503,197.7
484,13813,KVITELV,2008.0,PERMANENT,2022,SJØ,SALTVANN,2340.0,TN,,70.628778,27.124261,230.1
485,13831,KVAMME,1973.0,PERMANENT,1253,SJØ,SALTVANN,2340.0,TN,,60.517576,5.387016,060.3
486,13837,VERPEIDE,1977.0,PERMANENT,1439,SJØ,SALTVANN,3900.0,TN,,61.902954,5.203525,089.623
487,13838,HEGNES,1974.0,PERMANENT,1429,SJØ,SALTVANN,1560.0,TN,,61.35615,5.288745,082.510
488,13841,BRUNSVIK,1977.0,PERMANENT,1439,SJØ,SALTVANN,3120.0,TN,,61.912454,5.288118,089.623
489,13845,BEITVEIT,1973.0,PERMANENT,1441,SJØ,SALTVANN,3120.0,TN,,62.145202,5.321078,092.1
490,13865,SPERGITTKLUBBEN,1986.0,PERMANENT,2030,SJØ,SALTVANN,3600.0,TN,,69.764767,30.41225,247.12
491,13867,RAUNEVÅGEN,1973.0,PERMANENT,1216,SJØ,SALTVANN,3120.0,TN,,59.66041,5.531246,041.11
492,13870,EIKEBÆRÅNÆ,1973.0,PERMANENT,1263,SJØ,SALTVANN,1560.0,TN,,60.563329,5.350867,064.73
493,13876,LITLETVEITHOLANE,1997.0,PERMANENT,1253,SJØ,SALTVANN,780.0,TN,,60.479613,5.445875,060.3
494,13887,RØYTHOLMEN Ø,1973.0,PERMANENT,1617,SJØ,SALTVANN,5460.0,TN,,63.618412,9.128548,117.13
495,13936,SØRVIKA,1981.0,PERMANENT,1866,SJØ,SALTVANN,2340.0,TN,,68.470152,15.222195,178.20
496,13949,HAGEBERGAN,1986.0,PERMANENT,1941,SJØ,SALTVANN,1800.0,TN,,69.981408,21.026174,206.72
497,13996,HAMNEFJORD,2000.0,PERMANENT,2004,SJØ,SALTVANN,3600.0,TN,,70.575341,23.034439,216.2
498,14016,AUENES,1973.0,PERMANENT,926,SJØ,SALTVANN,910.0,TN,,58.136042,8.25277,020.421
499,14018,TOSKA S,1963.0,PERMANENT,1260,SJØ,SALTVANN,1560.0,TN,,60.63314,4.995271,066.50
500,14039,LITLE LUNNØY,1978.0,PERMANENT,1244,SJØ,SALTVANN,1560.0,TN,,60.019721,5.166799,054.3
501,14040,KRIGSHOLMEN,1978.0,PERMANENT,1244,SJØ,SALTVANN,1560.0,TN,,60.07949,5.120272,054.1
502,14041,EDØYA,1973.0,PERMANENT,1617,SJØ,SALTVANN,3900.0,TN,,63.654842,8.683278,117.4250
503,14042,KATTHOLMEN,1987.0,PERMANENT,1620,SJØ,SALTVANN,4680.0,TN,,63.871112,8.679257,118.3
504,14043,LYBERGSVIKA,1986.0,PERMANENT,1539,SJØ,SALTVANN,3120.0,TN,,62.642217,7.446317,103.62
505,14076,LISMÅSØY,2001.0,PERMANENT,1813,SJØ,SALTVANN,3120.0,TN,,65.493365,12.168653,146.4
506,14081,TVEIT,1972.0,PERMANENT,1413,SJØ,SALTVANN,2340.0,TN,,61.11133,5.341661,080.411
507,14086,LELANDSHOLMEN,1974.0,PERMANENT,1219,SJØ,SALTVANN,780.0,TN,,59.72988,5.153776,043.3
508,14136,HESTHOLMEN Ø,1974.0,PERMANENT,1144,SJØ,SALTVANN,1560.0,TN,,59.057545,5.44047,034.3
509,14245,JAKOBSTEINSVIKA,1981.0,PERMANENT,1755,SJØ,SALTVANN,4680.0,TN,,65.114047,11.792707,143.81
510,14435,LJØSØY N,1973.0,PERMANENT,1259,SJØ,SALTVANN,2340.0,TN,,60.564889,4.879533,058.2
511,14495,NORDEIMSØYNA,1974.0,PERMANENT,1141,SJØ,SALTVANN,3600.0,TN,,59.283851,5.813816,034.6
512,26435,MJØLSVIK,1973.0,PERMANENT,1416,SJØ,SALTVANN,2405.0,TN,,61.112177,6.036126,070.12
513,26495,JEVIK,2003.0,PERMANENT,1854,SJØ,SALTVANN,780.0,TN,,68.415638,16.544451,173.11
514,26575,TEIGANE,2006.0,PERMANENT,1134,SJØ,SALTVANN,780.0,TN,,59.520201,6.338364,036.21
515,26595,DJUPEVIKA,1973.0,PERMANENT,1223,SJØ,SALTVANN,3120.0,TN,,60.035453,5.341048,054.4
516,26615,HAUG,1981.0,PERMANENT,1911,SJØ,SALTVANN,3600.0,TN,,68.769317,16.058633,177.31
517,26675,LEIRHHOLMEN VESTRE REKKE,1984.0,PERMANENT,1834,SJØ,SALTVANN,1560.0,TN,,66.357195,12.530065,158.6
518,26775,FJØLVÆRET Ø,1986.0,PERMANENT,1620,SJØ,SALTVANN,3120.0,TN,,63.819122,8.635642,118.230
519,26795,AUSTVIKA,1973.0,PERMANENT,1749,SJØ,SALTVANN,3120.0,TN,,64.41841,10.69565,137.41
520,26935,FROVÅGNESET,1986.0,PERMANENT,1927,SJØ,SALTVANN,1800.0,TN,,69.069945,17.061447,194.810
521,27015,KJØSEN,1987.0,PERMANENT,2014,SJØ,SALTVANN,2700.0,TN,,70.141183,22.245033,211.50
522,27055,ODDANE,1987.0,PERMANENT,1401,SJØ,SALTVANN,780.0,TN,,61.541206,4.969081,084.93
523,27095,IHLHOLMEN,1986.0,PERMANENT,1160,SJØ,SALTVANN,2340.0,TN,,59.721246,5.591175,041.310
524,27315,VIKANE,1973.0,PERMANENT,1227,SJØ,SALTVANN,2340.0,TN,,60.26125,6.225083,047.21
525,27436,SOLVÆRET,1974.0,MIDLERTIDIG,1573,SJØ,SALTVANN,5460.0,TN,,63.252617,7.85395,115.212
526,27476,SOLHEIM,1973.0,PERMANENT,1902,SJØ,SALTVANN,3600.0,TN,,69.839683,19.51555,199.4
527,27876,OLDERBAKKEN,1973.0,MIDLERTIDIG,1812,SJØ,SALTVANN,3120.0,TN,,65.310952,12.372142,145.30
528,27976,BUKKHOLMEN,1985.0,PERMANENT,1820,SJØ,SALTVANN,3120.0,TN,,65.919317,12.24815,150.3
529,28036,LANGSKJÆRAN,1973.0,PERMANENT,1838,SJØ,SALTVANN,1560.0,TN,,67.118538,13.904095,161.53
530,28096,SLÅTTENES,1989.0,PERMANENT,1224,SJØ,SALTVANN,780.0,TN,,59.83209,5.984267,042.712
531,28336,BREIVIKA,1984.0,PERMANENT,1827,SJØ,SALTVANN,3120.0,TN,,66.160883,12.681717,154.1
532,28396,LINDAHOLMEN,1973.0,MIDLERTIDIG,1223,SJØ,SALTVANN,3100.0,TN,,60.083967,5.6399,054.62
533,28636,RATAREN,1973.0,PERMANENT,1620,0,SALTVANN,3120.0,TN,,63.780792,8.518067,118.230
534,28676,OLVIKA,2001.0,PERMANENT,1834,SJØ,SALTVANN,2340.0,TN,,66.438633,13.1274,157.621
535,28896,STANGHOLMEN,1978.0,PERMANENT,1836,SJØ,SALTVANN,1560.0,TN,,66.618183,12.955187,159.6
536,28956,MELØYSJØEN,2008.0,PERMANENT,1837,SJØ,SALTVANN,3120.0,TN,,66.8199,13.449817,160.1
537,28976,KELVESTEINEN,1987.0,PERMANENT,1246,SJØ,SALTVANN,2340.0,TN,,60.400917,5.0634,057.1
538,28996,LODDETÅ,1973.0,PERMANENT,1216,SJØ,SALTVANN,2340.0,TN,,59.691643,5.54298,041.11
539,29016,BÅFJORDSTRANDA,1977.0,PERMANENT,1751,SJØ,SALTVANN,3120.0,TN,,64.964913,11.592837,143.552
540,29056,LILLE TORSØY II,1976.0,PERMANENT,1617,SJØ,SALTVANN,3120.0,TN,,63.608027,8.494633,117.41
541,29096,GRØTTØY,1986.0,PERMANENT,1866,SJØ,SALTVANN,3120.0,TN,,68.445133,14.81625,179.83
542,29116,REIRÅKLAKKEN,1974.0,PERMANENT,1573,SJØ,SALTVANN,4680.0,TN,,63.45026,8.168853,115.10
543,29276,RONGØY,1987.0,PERMANENT,1259,SJØ,SALTVANN,3120.0,TN,,60.5093,4.927467,058.3
544,29296,FLEINA,1973.0,MIDLERTIDIG,1838,SJØ,SALTVANN,3900.0,TN,,67.09495,13.8752,161.53
545,29336,TRÆLSØYOSEN,1973.0,PERMANENT,1244,SJØ,SALTVANN,3120.0,TN,,60.1186,5.272617,054.2
546,29356,SMINESET N,1977.0,PERMANENT,1751,SJØ,SALTVANN,2340.0,TN,,64.755383,11.541733,141.120
547,29376,SUNDSØY,2008.0,PERMANENT,1827,SJØ,SALTVANN,2340.0,TN,,66.177117,12.770767,154.1
548,29416,ÅPENVIK,1986.0,PERMANENT,2027,SJØ,SALTVANN,3480.0,TN,,70.020583,29.215333,242.5
549,29458,BLÅMANNSVIK,1976.0,PERMANENT,1902,SJØ,SALTVANN,900.0,TN,,69.729983,18.655433,197.7
550,29476,KLOKKARDALEN,1973.0,PERMANENT,1902,SJØ,SALTVANN,3100.0,TN,,69.709733,18.364917,197.62
551,29537,ELDVIKTAREN,1981.0,PERMANENT,1749,SJØ,SALTVANN,1560.0,TN,,64.4537,10.6316,137.41
552,29557,KOMAGNES,1987.0,PERMANENT,2017,SJØ,SALTVANN,5400.0,TN,,70.482,23.633533,215.12
553,29576,KALVIK,1986.0,PERMANENT,1845,SJØ,SALTVANN,3120.0,TN,,67.5125,15.5685,167.1
554,29616,TJELDBERGODDEN BIOPARK,2008.0,PERMANENT,1576,LAND,SALTVANN,12000.0,STK,,63.415567,8.712267,116.61
555,29656,JUVIKA,1974.0,MIDLERTIDIG,1412,SJØ,SALTVANN,2340.0,TN,,61.104783,5.018217,081.4
556,29697,HAFSMO,1985.0,PERMANENT,1613,SJØ,SALTVANN,1280.0,TN,,63.3667,9.245217,119.43
557,29756,BRINGENES,2004.0,PERMANENT,1929,SJØ,SALTVANN,3100.0,TN,,69.4935,17.5515,195.7
558,29776,TEKSMONA,2008.0,PERMANENT,1837,SJØ,SALTVANN,2340.0,TN,,66.8679,13.597517,160.44
559,29816,APALVIKNESET,1973.0,PERMANENT,1224,SJØ,SALTVANN,2340.0,TN,,60.141417,6.126583,046.51
560,21336,DJUPELEGET,2004.0,PERMANENT,1416,SJØ,SALTVANN,1560.0,TN,,61.189408,5.79805,080.222
561,21337,KVEITHOLMEN,1975.0,PERMANENT,1834,SJØ,SALTVANN,780.0,TN,,66.323938,12.647405,158.6
562,21397,MIDT FEMRIS,2004.0,PERMANENT,1838,SJØ,SALTVANN,1120.0,TN,,67.03327,13.965497,160.64
563,21415,DYRHOLMEN,1974.0,PERMANENT,1141,SJØ,SALTVANN,3600.0,TN,,59.2821,5.852617,034.6
564,21495,RISVÆRGALTEN,1977.0,PERMANENT,1751,SJØ,SALTVANN,4680.0,TN,,64.965,11.532283,143.552
565,21516,HULLØYHAMN Ø,2004.0,PERMANENT,1850,SJØ,SALTVANN,2340.0,TN,,68.056044,16.201397,171.83
566,21676,KRÅKHOLMEN,1981.0,PERMANENT,1749,SJØ,SALTVANN,4680.0,TN,,64.601432,10.851462,137.720
567,21755,TENDALSVIK,1987.0,PERMANENT,1211,SJØ,SALTVANN,2340.0,TN,,59.735746,5.88302,042.121
568,21915,MATLØYSO,1988.0,PERMANENT,1222,SJØ,SALTVANN,3120.0,TN,,59.95162,5.284702,044.6
569,22035,BUKTODDEN NØ,1973.0,PERMANENT,1833,SJØ,SALTVANN,3120.0,TN,,66.30775,13.42985,157.310
570,22095,HÅGARDSNESET,1973.0,PERMANENT,1224,SJØ,SALTVANN,2340.0,TN,,59.9831,5.931504,045.5
571,22315,SKAVHELLA,1986.0,PERMANENT,1243,SJØ,SALTVANN,2340.0,TN,,60.221904,5.556943,055.60
572,22335,STORVIKA,1972.0,PERMANENT,1548,SJØ,SALTVANN,3120.0,TN,,62.802501,6.980833,107.1
573,22435,STRETARNESET,1986.0,PERMANENT,1866,SJØ,SALTVANN,1560.0,TN,,68.672094,14.982754,185.420
574,22455,BJØRLYKKESTRANDA,1977.0,PERMANENT,1511,SJØ,SALTVANN,3055.0,TN,,62.166583,5.597561,093.12
575,22596,HESBYGRUNNEN,1973.0,PERMANENT,1141,SJØ,SALTVANN,2340.0,TN,,59.19568,5.809775,034.5
576,22775,KVALØYA,1979.0,PERMANENT,1750,SJØ,SALTVANN,2340.0,TN,,65.000675,11.06581,143.42
577,22796,RENGA S,1977.0,PERMANENT,1836,SJØ,SALTVANN,3120.0,TN,,66.588833,13.094667,159.6
578,22915,KALSØYFLU,1980.0,PERMANENT,1244,SJØ,SALTVANN,1560.0,TN,,60.039861,5.117739,054.1
579,22955,SVOLLANDSNESET,1973.0,PERMANENT,1160,SJØ,SALTVANN,2340.0,TN,,59.684446,5.590972,041.23
580,23055,STORVIKA V,2004.0,MIDLERTIDIG,1926,SJØ,SALTVANN,5215.0,TN,,69.040484,17.367697,193.2
581,23056,LEKANGSUND II,2004.0,PERMANENT,1927,SJØ,SALTVANN,3415.0,TN,,69.038452,17.25219,194.7
582,23375,BRENNSÆTER,1973.0,PERMANENT,1416,SJØ,SALTVANN,2405.0,TN,,61.099792,5.732869,069.6
583,23695,SKOTUNGNESET,1974.0,PERMANENT,1525,SJØ,SALTVANN,780.0,TN,,62.347999,6.90815,098.22
584,23755,KJEIPRØD,2004.0,PERMANENT,1920,SJØ,SALTVANN,3100.0,TN,,68.785033,17.6403,190.62
585,23816,NORDBOTNET,1984.0,PERMANENT,1828,SJØ,SALTVANN,2340.0,TN,,66.252923,12.89004,158.51
586,24035,HÅVIKVÅGEN S,1973.0,PERMANENT,1241,SJØ,SALTVANN,2340.0,TN,,60.171426,5.692102,053.8
587,24115,SINGSHOLMEN,1984.0,PERMANENT,1617,SJØ,SALTVANN,5460.0,TN,,63.419217,8.402333,117.310
588,24135,UTÅKER,1990.0,PERMANENT,1224,SJØ,SALTVANN,2340.0,TN,,59.777983,5.901483,042.80
589,24155,YTRE JØVIK,1983.0,PERMANENT,1929,SJØ,SALTVANN,3600.0,TN,,69.420611,17.327845,195.61
590,24175,YTRE LAVOLLSFJORD,1983.0,PERMANENT,1929,SJØ,SALTVANN,2700.0,TN,,69.420223,17.289543,195.54
591,24197,VÆRØYA Ø,1984.0,PERMANENT,1617,SJØ,SALTVANN,2340.0,TN,,63.415833,8.479333,117.230
592,24295,ISBERGAN,1973.0,PERMANENT,1837,SJØ,SALTVANN,3100.0,TN,,66.815257,13.679729,160.20
593,24315,GJÆSINGEN,1986.0,PERMANENT,1630,SJØ,SALTVANN,3120.0,TN,,64.117725,9.979167,136.140
594,24455,KLAVELANDET,2003.0,PERMANENT,1401,SJØ,SALTVANN,3120.0,TN,,61.604794,5.189167,085.35
595,24495,NYSTØLVÅGEN,1989.0,PERMANENT,1241,SJØ,SALTVANN,390.0,TN,,60.052458,5.793242,053.620
596,24535,STORHOLMEN,1991.0,PERMANENT,2012,SJØ,SALTVANN,3480.0,TN,,70.343052,23.395118,215.31
597,24575,FARMANNSØYA,1975.0,PERMANENT,1632,SJØ,SALTVANN,5460.0,TN,,64.187622,10.12517,136.4
598,24615,GRUNNSØYA,2005.0,PERMANENT,1401,SJØ,SALTVANN,2340.0,TN,,61.685208,4.914333,085.83
599,24695,ÅRNES,1975.0,PERMANENT,1703,SJØ,SALTVANN,4680.0,TN,,64.596078,11.274502,140.810
600,24696,ØRNØYA II,1973.0,PERMANENT,1620,SJØ,SALTVANN,3120.0,TN,,63.759113,8.449528,118.230
601,24715,LANGHOLMEN,1977.0,PERMANENT,1141,SJØ,SALTVANN,2340.0,TN,,59.098242,5.833196,034.4
602,24735,GULHOLMEN,1979.0,PERMANENT,1243,SJØ,SALTVANN,3120.0,TN,,60.125193,5.401336,056.1
603,24937,NEBBO,1974.0,PERMANENT,1224,SJØ,SALTVANN,2340.0,TN,,59.870778,5.724473,045.1
604,24975,KVERNAVIKA,1973.0,PERMANENT,1223,SJØ,SALTVANN,3120.0,TN,,60.069104,5.355302,054.4
605,25055,BEKKSNESET,1972.0,PERMANENT,1413,SJØ,SALTVANN,3120.0,TN,,61.076252,5.384617,080.411
606,25736,SOMMERSETHBUKT,1984.0,PERMANENT,1850,SJØ,SALTVANN,3120.0,TN,,67.9235,16.209,171.21
607,25815,TITTELSNES,1973.0,MIDLERTIDIG,1216,SJØ,SALTVANN,2340.0,TN,,59.723387,5.533619,041.11
608,25835,FLATØYFLU,1973.0,PERMANENT,1244,SJØ,SALTVANN,3120.0,TN,,60.156433,5.232021,054.1
609,25895,FLORNES,1973.0,PERMANENT,1223,SJØ,SALTVANN,3100.0,TN,,59.893617,5.66603,054.5
610,25896,SKORPO,1973.0,PERMANENT,1223,SJØ,SALTVANN,3100.0,TN,,59.877969,5.637305,054.5
611,26055,TOPPSUNDET,1981.0,PERMANENT,1901,SJØ,SALTVANN,3900.0,TN,,68.866362,16.39683,177.41
612,26135,KJØRSVIKGRUNN,1973.0,PERMANENT,1612,SJØ,SALTVANN,5460.0,TN,,63.458033,9.0753,119.110
613,26155,SLÅTTHOLMEN,1973.0,PERMANENT,1612,SJØ,SALTVANN,3120.0,TN,,63.447787,8.958173,116.82
614,26235,STUALAND,2006.0,PERMANENT,1216,SJØ,SALTVANN,1560.0,TN,,59.608095,5.52423,041.11
615,26295,LANGØY,1973.0,PERMANENT,1263,SJØ,SALTVANN,780.0,TN,,60.776384,5.159376,065.4
616,26315,NORDGJÆSLINGAN,1979.0,PERMANENT,1750,SJØ,SALTVANN,2340.0,TN,,64.765565,10.914765,143.23
617,26335,GEITHOLMEN,1977.0,PERMANENT,1750,SJØ,SALTVANN,3120.0,TN,,64.800753,11.029375,143.220
618,30297,UKJENT,,,,,,,,,63.944383,9.880667,136.110
619,30517,UKJENT,,,,,,,,,69.51895,17.695933,194.1
620,30857,UKJENT,,,,,,,,,67.0235,14.128167,161.11
621,31217,UKJENT,,,,,,,,,65.78265,12.592067,149.4
622,31317,UKJENT,,,,,,,,,68.02925,16.131417,171.12
623,31397,UKJENT,,,,,,,,,68.929667,16.701433,187.5
624,31398,UKJENT,,,,,,,,,69.893,18.80835,200.4
625,31477,UKJENT,,,,,,,,,59.318,6.287483,035.61
626,31497,UKJENT,,,,,,,,,60.66965,4.918067,066.50
627,31557,UKJENT,,,,,,,,,63.81735,8.462483,118.3
628,31577,UKJENT,,,,,,,,,61.84045,6.10055,087.31
629,31637,UKJENT,,,,,,,,,66.081317,12.201183,154.4
630,31697,UKJENT,,,,,,,,,60.433817,4.9411,057.20
631,31717,UKJENT,,,,,,,,,62.5305,6.428583,101.82
632,31738,UKJENT,,,,,,,,,69.151433,17.9562,193.4
633,31757,UKJENT,,,,,,,,,68.79165,16.91385,188.3
634,31777,UKJENT,,,,,,,,,67.605683,15.368483,167.620
635,31797,UKJENT,,,,,,,,,70.829367,24.450683,220.11
636,31817,UKJENT,,,,,,,,,68.718933,16.7745,188.232
637,31857,UKJENT,,,,,,,,,65.85685,12.31285,150.40
638,31877,UKJENT,,,,,,,,,64.6206,11.233183,140.810
639,31917,UKJENT,,,,,,,,,70.713367,23.827433,217.10
640,31958,UKJENT,,,,,,,,,63.97185,9.954783,136.110
641,31959,UKJENT,,,,,,,,,63.782517,8.52645,118.230
642,32017,UKJENT,,,,,,,,,64.7198,11.461683,141.11
643,32157,UKJENT,,,,,,,,,59.928517,5.2307,044.52
644,32257,UKJENT,,,,,,,,,68.8658,16.670217,187.6
645,32277,UKJENT,,,,,,,,,63.47,7.855,115.31
646,32297,UKJENT,,,,,,,,,63.46745,7.847167,115.31
647,32317,UKJENT,,,,,,,,,61.297917,4.66045,084.3
648,32337,UKJENT,,,,,,,,,61.572067,5.0466,084.91
649,30559,30559,,,,,,,,,60.811883,4.8644,066.2
650,30997,30997,,,,,,,,,64.801733,11.162183,143.140
651,31357,31357,,,,,,,,,64.75085,11.189033,143.120
652,31677,31677,,,,,,,,,62.796267,6.66985,106.1
653,32997,32997,,,,,,,,,68.286667,15.122683,178.13
654,32417,32417,,,,,,,,,60.004583,5.227917,054.2
655,32117,32117,,,,,,,,,59.9332,5.239467,044.52
656,32757,32757,,,,,,,,,60.099417,5.117883,054.1
657,32397,32397,,,,,,,,,67.202633,15.275,163.20
658,32457,32457,,,,,,,,,59.410417,5.218033,040.2
659,32437,32437,,,,,,,,,63.000533,8.325633,112.41
660,32857,32857,,,,,,,,,59.832533,5.07925,043.4
661,32617,32617,,,,,,,,,70.14235,22.893533,211.71
662,32097,32097,,,,,,,,,63.1413,8.21335,113.1
663,32677,32677,,,,,,,,,63.677817,8.666233,118.140
664,32877,32877,,,,,,,,,60.173317,5.293683,056.1
665,32797,32797,,,,,,,,,70.9178,25.00625,220.51
666,32717,32717,,,,,,,,,63.872033,9.769783,134.54
667,32598,32598,,,,,,,,,70.639133,24.573383,218.1
668,12294,Kjerstad,,,,,,,,,62.622367,6.224883,101.91
669,30537,Steinflesa,,,,,,,,,65.1345,11.51565,143.830
670,31077,Tjukkeneset,,,,,,,,,68.474867,17.303933,174.60
671,32057,43 Lyng°ya V-15,,,,,,,,,64.81865,10.935217,143.23
672,32137,4511 Sagen 2,,,,,,,,,60.348383,5.644033,055.53
673,32217,Kvernaneset,,,,,,,,,59.685317,5.4311,039.9
674,32518,Ku°yna,,,,,,,,,60.996983,4.897467,068.8
675,33297,Nye Skorpa,,,,,,,,,66.030933,12.481483,154.22
676,33457,┼nderbakk,,,,,,,,,67.754683,15.704383,168.61
677,34357,Gisl°y N°,,,,,,,,,68.970533,15.264783,185.1140
678,34457,1403 LangÕs,,,,,,,,,70.010583,19.666617,200.2
679,34637,Langholmen,,,,,,,,,68.666383,14.914717,185.41
680,34697,Ïyra,,,,,,,,,70.774767,27.2185,230.4
681,34857,Salatskjµra,,,,,,,,,63.90485,8.589133,118.3
682,34897,Brandsfjorden,,,,,,,,,64.223067,10.279933,136.4
683,34917,Tosen,,,,,,,,,65.249433,12.815283,144.630
684,34997,BJÏRNÏYA,,,,,,,,,67.4164,14.428667,165.4
685,35197,HJ-Hjort°ya,,,,,,,,,64.9848,11.135467,143.410
686,35237,DURM┼LSVIKA,,,,,,,,,69.4334,18.153483,193.7
687,35337,SmÕvµr,,,,,,,,,69.896867,18.486267,197.630
688,35417,14 AGST Sand°ya,,,,,,,,,67.7382,14.75345,169.1
689,11410,11410,,,,,,,,,68.602647,15.363502,178.431
690,12107,12107,,,,,,,,,59.719811,5.857812,042.112
691,16055,16055,,,,,,,,,70.829403,25.248095,220.61
692,14035,14035,,,,,,,,,61.044739,4.791315,081.6
693,12154,12154,,,,,,,,,60.866924,5.5503,067.310
694,31437,Fuglåsen,2014.0,,,,,,,,63.44715,8.167767,115.10
695,33777,1413 Lausklubben,2014.0,,,,,,,,70.02435,29.292183,242.5
696,33797,Hidlekjerringa,2014.0,,,,,,,,59.067283,5.839383,032.42
697,33557,1312-Langskjæra II,2014.0,,,,,,,,63.82245,8.74075,118.230
698,34137,Skårliodden,2014.0,,,,,,,,69.47495,18.065417,194.31
699,34397,Hyseneset,2014.0,,,,,,,,60.861483,4.964867,068.2
700,33997,Næringsbukta,2014.0,,,,,,,,70.659267,22.640933,216.7
701,33998,Klubben,2014.0,,,,,,,,70.66345,22.621733,216.7
702,33617,Gjerde,2014.0,,,,,,,,63.299617,8.4183,116.5
703,33417,Persflua,2014.0,,,,,,,,63.91345,9.826433,134.6
704,34277,MIKKELSØYA,2014.0,,,,,,,,68.65585,14.729617,185.6110
705,33957,1416-Hofsøya,2014.0,,,,,,,,63.722167,8.913317,118.12
706,32497,Daljorda,2014.0,,,,,,,,68.697,14.963383,185.540
707,34057,MOHAMN,2014.0,,,,,,,,69.128833,17.79755,193.4
708,34197,Brennholmen,2014.0,,,,,,,,65.978717,12.16355,154.3
709,32977,MÅREN,2014.0,,,,,,,,61.152667,6.1167,079.510
710,13021,Gaustad,,Matfisk,,Sj°,,,,,62.9830616667,7.33062666667,108.12
711,10224,Korsneset,,Matfisk,,Sj°,,,,,63.1427333333,8.22493333333,113.1
712,12244,Setevika,,Matfisk,,Sj°,,,,,62.729105,6.93406666667,106.310
713,20796,Skarbukta,,Matfisk,,Sj°,,,,,62.59785,7.36771666667,103.11
714,13530,SjÕneset,,Matfisk,,Sj°,,,,,68.9088583333,15.03735,185.950
715,32597,Fjordprakken,2014.0,,,,,,,,63.256517,7.928067,115.2110
716,34037,13 AGST Kråkåsen,2014.0,,,,,,,,67.73985,14.896817,169.210
717,33697,14 AGHS Forrahammaren,2014.0,,,,,,,,63.350433,9.23325,119.330
718,34117,Skåtholmen,2014.0,,,,,,,,60.171767,5.563633,055.1
719,32537,Baltsfjord 32537,2014.0,,,,,,,,69.5463,17.7697,194.1
720,33577,KJEHOLMEN II,2014.0,,,,,,,,58.060083,6.885683,024.28
721,31457,1311 Skarvestein,2014.0,,,,,,,,69.993617,20.71115,206.732
722,32897,Breivika Sør,2014.0,,,,,,,,66.1581,12.682017,154.1
723,34257,LEKAFJORDEN II,2014.0,,,,,,,,65.078783,11.724033,143.81
724,33357,GULLKLAKKEN,2014.0,,,,,,,,63.479217,7.999867,115.31
725,33337,Lyngnes,2014.0,,,,,,,,60.1197,5.720917,053.71
726,34477,45 Nausttaren H-15,,,,,,,,,64.389567,10.512533,137.33
727,34657,Laberget,,,,,,,,,60.750233,5.29845,065.72
728,34677,HESTØYA,,,,,,,,,63.3095,8.115567,115.2110
729,35797,47 Årsethfjorden V-16,,,,,,,,,65.008183,11.746417,143.73
730,32637,Veidnes,,,,,,,,,70.540167,30.136117,237.6
731,34297,Stabben,,,,,,,,,68.400717,16.216983,176.20
732,35597,1613 Follesøy,,,,,,,,,69.915717,20.601417,206.63
733,35737,Sæterosen,,,,,,,,,65.441333,12.44435,148.21
734,35817,STOREVIKA,,,,,,,,,67.185567,14.388433,162.3
735,35838,VENGSØY,,,,,,,,,69.8227,18.51875,197.630
736,35877,EIT - Eiterfjorden,,,,,,,,,64.971633,11.723933,143.72
737,35957,Danielsvika,,,,,,,,,70.671017,24.487233,218.1
738,35318,SORTEVIKA,,,,,,,,,69.0188,17.520067,193.31
739,36017,Sørværet,,,,,,,,,65.88035,11.93045,154.3
740,35997,Kviteberg,,,,,,,,,69.953867,21.88035,209.83
741,36177,SKJELLESVIKA,,,,,,,,,68.911433,16.645133,187.32
742,35477,Makrellskjæret,,,,,,,,,64.549183,10.7341,137.60
743,36037,15H HTTO Klipen,,,,,,,,,66.1336,12.851983,153.5
744,36077,Mollvika,,,,,,,,,68.936533,16.72465,187.5
745,36100,Suholmen,,,,,,,,,63.494933,8.02235,115.31
746,35517,Vadholmen,,,,,,,,,60.695,4.761117,058.1
747,35657,Varden,,,,,,,,,63.635717,9.186467,117.13
748,36117,Matvika,,,,,,,,,67.528,15.359683,167.42
749,36099,Store Kobbøya,,,,,,,,,70.911617,25.32495,220.72
750,36118,Bremnesøya,,,,,,,,,68.823767,15.400217,185.220
751,21795,Skarvhausen,,,,,,,,,68.339717,15.38435,177.820
752,36337,Vardskjæret Sør 36337,,,,,,,,,66.350167,12.469267,158.6
753,17015,Seglberget,,,,,,,,,59.730433,5.788733,042.94
754,34537,Nystølvågen II,,,,,,,,,60.05005,5.794033,053.620
755,36297,Kjeringeholmen,,,,,,,,,61.389967,4.98405,084.21
756,37077,Oksbåsen,,,,,,,,,65.19105,12.6723,144.91
757,37197,Ruggstein,,,,,,,,,63.770083,8.476033,118.230
758,36217,17V HEFO Kalvhylla,,,,,,,,,65.748267,12.540533,149.34
759,36517,Selsøyvær,,,,,,,,,66.5896,12.84965,158.1
760,36737,Hallsteinhamn,,,,,,,,,67.44185,14.71595,165.51
761,36757,Lubben,,,,,,,,,69.936717,19.832183,199.4
762,36778,Havstein Sør,,,,,,,,,66.16405,12.400767,154.510
763,36797,Korsnes,,,,,,,,,69.986917,19.931633,199.4
764,36817,KARISKJÆRET,,,,,,,,,67.38345,14.381967,165.4
765,36457,54 Kvingra H-16 (Fra Skrosen),,,,,,,,,65.203167,11.569,143.830
766,36717,Vindhammarneset,,,,,,,,,69.468417,17.606183,195.7
767,33677,TORVUND,,,,,,,,,61.144667,5.656367,080.30
768,35977,Lian,,,,,,,,,66.55785,13.526233,159.34
769,10652,Vedbotn 10652,,,,,,,,,70.7514,25.636983,222.22
770,33597,Grytøyraholmen,,,,,,,,,61.292783,5.014117,082.20
771,33757,Håbranden,,,,,,,,,63.942,9.133483,118.3
772,37057,Mjøsund,,,,,,,,,68.90805,17.407817,192.2
773,37557,Davatluft 37557,,,,,,,,,70.24665,22.887467,214.2
774,36317,Varholmen,,,,,,,,,65.54905,12.126417,146.4
775,36917,59 Drevflesa H-17,,,,,,,,,64.210933,10.115183,136.4
776,31837,Sørfjorden Stamfiskanlegg,,,,,,,,,67.575483,15.878083,167.21
777,36937,Hallvardsøy,,,,,,,,,69.151367,16.906533,195.12
778,37797,Skjortneset II,,,,,,,,,62.379367,6.889433,098.21
779,38037,Andalsvågen,,,,,,,,,65.5826,12.4032,148.6
780,34717,Eidisholman,,,,,,,,,68.134617,13.867217,180.31
781,38957,Låderskjæret,,,,,,,,,59.194967,5.478617,039.6
782,39197,Kverhelleskjeret,,,,,,,,,60.992133,4.697483,081.7
783,35377,Kveitskjæret,,,,,,,,,63.825033,8.444633,118.3
784,36417,Borvika,,,,,,,,,70.756667,23.4353,216.1
785,38757,Gaukværøy,,,,,,,,,68.612983,14.34655,185.62
786,38797,OLØYA N,,,,,,,,,63.852733,8.591083,118.3
787,35677,Brottøy,,,,,,,,,68.4885,15.125917,179.90
788,37177,72 Djuptaren V19,,,,,,,,,64.769267,10.629017,143.3
789,37297,Larstangen,,,,,,,,,70.084417,20.090417,202.2
790,36257,11806 Mjønes,,,,,,,,,70.106433,19.583867,201.5
791,38857,Vannfjorden 38857,,,,,,,,,71.017783,25.38915,221.3
792,38997,Ilsøya 2,,,,,,,,,63.664567,8.428517,118.210
793,39617,Svanøya 39617,,,,,,,,,63.416633,7.79165,115.31
794,35297,Ådnøy,,,,,,,,,58.91455,6.028583,029.220
795,36138,Flatøyfjorden,,,,,,,,,64.273017,10.246233,137.110
796,38777,HALLARVIK,,,,,,,,,63.647267,8.699267,117.4250
797,32777,Hundbergan,,,,,,,,,69.556883,17.61055,194.1
798,37717,11906-Vassgåsholmen,,,,,,,,,63.592167,9.339833,119.74
799,39477,HUNDVIKA AUST,,,,,,,,,61.872217,5.953667,089.2
800,39377,HUSEVÅGØY,,,,,,,,,61.916333,5.06495,091.14
801,39577,Silda,,,,,,,,,62.015817,5.2099,091.2
802,40017,Stangnes,,,,,,,,,70.511917,23.751883,217.3
803,38877,Jernøya 38877,,,,,,,,,70.80725,25.81915,222.12
804,39657,SKIPPERDALSNESET,,,,,,,,,61.806017,5.0683,090.1
805,39937,Orholmen,,,,,,,,,62.77625,6.78015,106.450
806,39997,HELLIGVÆR Ø,,,,,,,,,67.421533,14.031683,165.4
807,40137,Lønngrunnen,,,,,,,,,63.937283,9.780317,134.6
808,45000,Svartberget,,,,,,,,,70.018767,22.020733,210.31
809,45018,Ny-Hellaren,,,,,,,,,62.739233,6.768683,106.340
810,40357,Nordnesbukta,,,,,,,,,70.721533,23.340933,216.1
811,39777,Ytre Hadseløya,,,,,,,,,68.50135,14.585667,184.4
812,40377,KL-Klampvika,,,,,,,,,65.211033,12.250167,144.210
813,45002,Korsvika 45002,,,,,,,,,66.578467,12.691067,158.8
814,45004,Mulen,,,,,,,,,67.669283,15.198867,168.10
815,45028,Mulnesodden S,,,,,,,,,67.142667,14.27865,161.51
816,40037,Smedholmen,,,,,,,,,59.344617,5.8946,038.52
817,45038,Hundaneset,,,,,,,,,59.308733,6.165483,035.61
818,45017,Bakfjorden,,,,,,,,,70.874833,24.616967,220.2
819,45029,Ramnøya N,,,,,,,,,66.243117,12.29375,154.4
820,45032,YT - Ytterflesa,,,,,,,,,64.972983,11.443517,143.552
821,45003,Ystøya,,,,,,,,,65.7725,12.245217,150.2
822,29896,29896,,,,,,,,,63.176167,8.616817,113.5110
823,29936,29936,,,,,,,,,59.977933,5.775083,053.52
824,30076,30076,,,,,,,,,64.7635,10.807333,143.23
825,30097,30097,,,,,,,,,66.73305,13.331833,159.8110
826,30117,30117,,,,,,,,,69.96165,20.9773,206.72
827,30137,30137,,,,,,,,,63.65805,8.683667,117.4250
828,30156,30156,,,,,,,,,68.005917,15.264333,169.7
829,30177,30177,,,,,,,,,64.893133,11.762833,142.730
830,30216,30216,,,,,,,,,69.1465,17.64565,194.52
831,30217,30217,,,,,,,,,70.132083,20.78955,207.1
832,30236,30236,,,,,,,,,68.911817,16.289533,177.41
833,30377,30377,,,,,,,,,63.099517,7.670333,110.210
834,30518,30518,,,,,,,,,69.491467,17.673067,194.1
835,30560,30560,,,,,,,,,63.86895,9.6204,134.52
836,30897,134.42,,,,,,,,,63.799533,9.440667,134.42
837,30757,194.2,,,,,,,,,69.474333,17.878683,194.2
838,30717,52.322,,,,,,,,,60.414183,6.402,052.322
839,30877,197.61,,,,,,,,,69.7467,18.24865,197.61
840,31117,53.72,,,,,,,,,60.156317,5.713217,053.72
841,31137,211.5,,,,,,,,,70.191717,22.321017,211.50
842,30437,118.3,,,,,,,,,63.8661,8.675683,118.3
843,30257,116.82,,,,,,,,,63.4586,8.954983,116.82
844,30637,171.5,,,,,,,,,68.025067,16.21425,171.5
845,31338,114.13,,,,,,,,,63.26985,8.228283,114.13
846,30977,180.32,,,,,,,,,68.104867,13.790067,180.320
847,30036,34.1,,,,,,,,,59.29365,5.937267,034.1
848,29957,24.17,,,,,,,,,58.056683,7.071583,024.170
849,31038,57.1,,,,,,,,,60.220067,5.21455,057.1
850,31157,57.1,,,,,,,,,60.176883,5.124833,057.1
851,29876,137.6,,,,,,,,,64.523983,10.761667,137.6
852,30157,167.72,,,,,,,,,67.631767,15.26225,167.72
853,31177,177.31,,,,,,,,,68.78005,16.0978,177.31
854,33218,Ukjent,,,,,,,,,9.883383,64.08566700000003,136.130
855,33077,Ukjent,,,,,,,,,5.131732999999998,61.20599999999998,082.112
856,33097,Ukjent,,,,,,,,,20.949650000000013,70.0437499999999,206.74
857,33477,Ukjent,,,,,,,,,15.446582999999993,68.772833,178.610
858,33517,Ukjent,,,,,,,,,24.590566999999975,70.81720000000008,220.12
859,30196,Ukjent,,,,,,,,,5.356066999999999,60.832499999999996,067.10
860,33177,Ukjent,,,,,,,,,9.88575,63.93990000000001,136.110
861,33537,Ukjent,,,,,,,,,10.008916999999999,64.15689999999996,136.4
862,33017,Ukjent,,,,,,,,,6.937666999999997,62.738349999999954,106.310
863,32037,Ukjent,,,,,,,,,12.779417000000006,66.34873299999995,158.6
864,33157,Ukjent,,,,,,,,,12.070533,65.831417,147.1
865,23436,Ukjent,,,,,,,,,4.936283000000001,61.20624999999999,081.10
866,32697,Ukjent,,,,,,,,,14.951633000000008,68.51184999999995,184.2
867,35897,Nye Hessvik,,,,,,,,,60.130183,6.126617,046.51
868,35777,Kvitskjæret,,,,,,,,,66.1008,12.157333,154.4
869,36237,11704 Vorterøya,,,,,,,,,69.96655,20.615283,206.63
870,37217,Dale,,,,,,,,,68.925033,16.3452,187.41
871,37357,Brensholmen 37357,,,,,,,,,69.578367,17.994267,197.51
872,38217,Hardbakkeneset,,,,,,,,,61.016733,4.950517,068.8
873,37237,Børfjorden,,,,,,,,,70.645333,22.694317,216.7
874,37857,SEISKJÆRET,,,,,,,,,65.934283,12.071567,154.3
875,38057,Hamnsundet,,,,,,,,,65.684917,12.3393,148.8
876,33657,Movikodden,,,,,,,,,66.532867,12.888433,158.1
877,34797,Kalvhagan II,,,,,,,,,64.950783,12.0567,142.21
878,38517,Måvær 38517,,,,,,,,,66.477667,12.7355,158.8
879,35617,Mulnesodden,,,,,,,,,67.145433,14.281183,161.51
880,38297,Sør-Gåsvær,,,,,,,,,66.031183,12.02305,154.4
881,36137,Jekteberget,,,,,,,,,68.853217,17.06575,188.1
882,38577,Skreda,,,,,,,,,61.14635,5.08115,081.3
883,38697,Takflua,,,,,,,,,63.980417,9.865033,136.110
884,34617,GRÅØYA,,,,,,,,,63.47635,7.951517,115.31
